name	bytes	md5	url
gwas_1.regenie.gz	318442179	eabd3c06ffdeb2ec6382bfa67eed7f37	https://osf.io/download/v4w8g/
gwas_2.regenie.gz	317475934	5c9338e5529a97433796c488bf6552e4	https://osf.io/download/stp4h/
gwas_1_female.regenie.gz	450200982	ca9b264e96d663dbd72afbe14fb0c35f	https://osf.io/download/3sqg4/
gwas_1_male.regenie.gz	305246888	c3c3ea30311abb3619562c0510d56e7f	https://osf.io/download/z7dsq/
gwas_1_infectious_onset.regenie.gz	318263267	7429c0261d09cecc7034c98b7ed58c4c	https://osf.io/download/sz3fq/
gwas_1_non_infectious_onset.regenie.gz	316049034	68fb5ef38cd5771fec6903b881ac1230	https://osf.io/download/zpjn8/
gwas_qced.var.gz	38725108	b62e4dc634627b461c666bc444e9b0bf	https://osf.io/download/6uj5x/
imputed.info.gz	145483631	01943771c392ae2ba2c69d2b5f4a27bd	https://osf.io/download/h5edw/
README_shared_sum_stats.txt	1914	e1151ba8d0c40f53ca273de19071c9d5	https://osf.io/download/axp4k/
