label	accession	role	n_total	trait	first_author	year	url	bytes
alzheimer	GCST90027158	positive control (microglia)	487511	Alzheimer's disease	Bellenguez C	2022	https://ftp.ebi.ac.uk/pub/databases/gwas/summary_statistics/GCST90027001-GCST90028000/GCST90027158/harmonised/35379992-GCST90027158-MONDO_0004975.h.tsv.gz	1140755970
height	GCST90245990	negative control (non-neural)	2200007	Height	Yengo L	2022	https://ftp.ebi.ac.uk/pub/databases/gwas/summary_statistics/GCST90245001-GCST90246000/GCST90245990/harmonised/GCST90245990.h.tsv.gz	39600155
schizophrenia	GCST90018919	positive control (cortical neurons)	629347	Schizophrenia	Sakaue S	2021	https://ftp.ebi.ac.uk/pub/databases/gwas/summary_statistics/GCST90018001-GCST90019000/GCST90018919/harmonised/GCST90018919.h.tsv.gz	645628669
depression_broad	GCST005902	brain trait / conditioning	322580	Depression (broad)	Howard DM	2018	https://ftp.ebi.ac.uk/pub/databases/gwas/summary_statistics/GCST005001-GCST006000/GCST005902/harmonised/29662059-GCST005902-EFO_0003761.h.tsv.gz	333327309
neuroticism	GCST006476	brain trait	449484	Neuroticism	Nagel M	2018	https://ftp.ebi.ac.uk/pub/databases/gwas/summary_statistics/GCST006001-GCST007000/GCST006476/harmonised/29942085-GCST006476-EFO_0007660.h.tsv.gz	308837759
insomnia	GCST90018869	brain trait / conditioning	664880	Insomnia	Sakaue S	2021	https://ftp.ebi.ac.uk/pub/databases/gwas/summary_statistics/GCST90018001-GCST90019000/GCST90018869/harmonised/GCST90018869.h.tsv.gz	646108764
bmi	GCST90029007	body size / conditioning	532396	Body mass index	Loh PR	2018	https://ftp.ebi.ac.uk/pub/databases/gwas/summary_statistics/GCST90029001-GCST90030000/GCST90029007/harmonised/29892013-GCST90029007-EFO_0004340.h.tsv.gz	496174398
education_years	GCST90029013	brain trait	461457	Educational attainment (years of education)	Loh PR	2018	https://ftp.ebi.ac.uk/pub/databases/gwas/summary_statistics/GCST90029001-GCST90030000/GCST90029013/harmonised/29892013-GCST90029013-EFO_0011015.h.tsv.gz	492578630
migraine	GCST90038646	brain trait	484598	Migraine	Donertas HM	2021	https://ftp.ebi.ac.uk/pub/databases/gwas/summary_statistics/GCST90038001-GCST90039000/GCST90038646/harmonised/33959723-GCST90038646-EFO_0003821.h.tsv.gz	396130130
parkinson	GCST009325	brain trait	482730	Parkinson's disease or first degree relation to individual with Parkinson's disease	Nalls MA	2019	https://ftp.ebi.ac.uk/pub/databases/gwas/summary_statistics/GCST009001-GCST010000/GCST009325/harmonised/GCST009325.h.tsv.gz	490619051
als	GCST90027163	brain trait	152268	Amyotrophic lateral sclerosis	van Rheenen W	2021	https://ftp.ebi.ac.uk/pub/databases/gwas/summary_statistics/GCST90027001-GCST90028000/GCST90027163/harmonised/34873335-GCST90027163-MONDO_0004976.h.tsv.gz	298857151
epilepsy	GCST90018840	brain trait	636564	Epilepsy	Sakaue S	2021	https://ftp.ebi.ac.uk/pub/databases/gwas/summary_statistics/GCST90018001-GCST90019000/GCST90018840/harmonised/GCST90018840.h.tsv.gz	638534957
adhd	GCST90275137	brain trait	58286	Attention deficit hyperactivity disorder (ADuLT model)	Pedersen EM	2023	https://ftp.ebi.ac.uk/pub/databases/gwas/summary_statistics/GCST90275001-GCST90276000/GCST90275137/harmonised/GCST90275137.h.tsv.gz	552191975
autism	GCST90275151	brain trait	54976	Autism (adjusted for sex)	Pedersen EM	2023	https://ftp.ebi.ac.uk/pub/databases/gwas/summary_statistics/GCST90275001-GCST90276000/GCST90275151/harmonised/GCST90275151.h.tsv.gz	549083045
chronotype	GCST003837	brain trait	127898	Chronotype	Jones SE	2016	https://ftp.ebi.ac.uk/pub/databases/gwas/summary_statistics/GCST003001-GCST004000/GCST003837/harmonised/27494321-GCST003837-EFO_0004354.h.tsv.gz	708556041
anxiety	GCST90225527	brain trait	502477	ICD10 F41.9: Anxiety disorder, unspecified	Brasher MS	2023	https://ftp.ebi.ac.uk/pub/databases/gwas/summary_statistics/GCST90225001-GCST90226000/GCST90225527/harmonised/GCST90225527.h.tsv.gz	205210330
fibromyalgia	GCST90077931	related condition	331754	Fibromyalgia	Backman JD	2021	https://ftp.ebi.ac.uk/pub/databases/gwas/summary_statistics/GCST90077001-GCST90078000/GCST90077931/harmonised/34662886-GCST90077931-EFO_0005687.h.tsv.gz	18245466
chronic_pain	GCST90080872	related condition	387930	ICD10 R52.2: Other chronic pain	Backman JD	2021	https://ftp.ebi.ac.uk/pub/databases/gwas/summary_statistics/GCST90080001-GCST90081000/GCST90080872/harmonised/34662886-GCST90080872-EFO_0000408.h.tsv.gz	20075793
ibs	GCST90016564	related condition	486601	Irritable bowel syndrome	Eijsbouts C	2021	https://ftp.ebi.ac.uk/pub/databases/gwas/summary_statistics/GCST90016001-GCST90017000/GCST90016564/harmonised/34741163-GCST90016564-EFO_0000555.h.tsv.gz	344914187
crp	GCST90029070	immune/inflammation marker	575531	C-reactive protein levels	Said S	2022	https://ftp.ebi.ac.uk/pub/databases/gwas/summary_statistics/GCST90029001-GCST90030000/GCST90029070/harmonised/35459240-GCST90029070-EFO_0004458.h.tsv.gz	284933312
rheumatoid_arthritis	GCST002318	immune positive control	79799	Rheumatoid arthritis	Okada Y	2013	https://ftp.ebi.ac.uk/pub/databases/gwas/summary_statistics/GCST002001-GCST003000/GCST002318/harmonised/24390342-GCST002318-EFO_0000685.h.tsv.gz	252958697
type1_diabetes	GCST90014023	immune positive control	520580	Type 1 diabetes	Chiou J	2021	https://ftp.ebi.ac.uk/pub/databases/gwas/summary_statistics/GCST90014001-GCST90015000/GCST90014023/harmonised/34012112-GCST90014023-EFO_0001359.h.tsv.gz	2500078941
ibd	GCST004131	immune positive control	59957	Inflammatory bowel disease	de Lange KM	2017	https://ftp.ebi.ac.uk/pub/databases/gwas/summary_statistics/GCST004001-GCST005000/GCST004131/harmonised/28067908-GCST004131-EFO_0003767.h.tsv.gz	302407129
