condition	year	papers
ME/CFS	2005	165
ME/CFS	2006	184
ME/CFS	2007	197
ME/CFS	2008	181
ME/CFS	2009	217
ME/CFS	2010	278
ME/CFS	2011	314
ME/CFS	2012	253
ME/CFS	2013	275
ME/CFS	2014	225
ME/CFS	2015	290
ME/CFS	2016	273
ME/CFS	2017	280
ME/CFS	2018	281
ME/CFS	2019	302
ME/CFS	2020	286
ME/CFS	2021	390
ME/CFS	2022	339
ME/CFS	2023	360
ME/CFS	2024	342
ME/CFS	2025	402
Multiple sclerosis	2005	1884
Multiple sclerosis	2006	2044
Multiple sclerosis	2007	2300
Multiple sclerosis	2008	2496
Multiple sclerosis	2009	2644
Multiple sclerosis	2010	2974
Multiple sclerosis	2011	3396
Multiple sclerosis	2012	3663
Multiple sclerosis	2013	4201
Multiple sclerosis	2014	4437
Multiple sclerosis	2015	4563
Multiple sclerosis	2016	4747
Multiple sclerosis	2017	4759
Multiple sclerosis	2018	4909
Multiple sclerosis	2019	5239
Multiple sclerosis	2020	5922
Multiple sclerosis	2021	6394
Multiple sclerosis	2022	6308
Multiple sclerosis	2023	5586
Multiple sclerosis	2024	5812
Multiple sclerosis	2025	6073
Parkinson's disease	2005	2450
Parkinson's disease	2006	2993
Parkinson's disease	2007	3231
Parkinson's disease	2008	3486
Parkinson's disease	2009	3789
Parkinson's disease	2010	4309
Parkinson's disease	2011	4659
Parkinson's disease	2012	5087
Parkinson's disease	2013	5490
Parkinson's disease	2014	5692
Parkinson's disease	2015	6247
Parkinson's disease	2016	6606
Parkinson's disease	2017	6936
Parkinson's disease	2018	7106
Parkinson's disease	2019	7452
Parkinson's disease	2020	8726
Parkinson's disease	2021	9466
Parkinson's disease	2022	9350
Parkinson's disease	2023	9134
Parkinson's disease	2024	9779
Parkinson's disease	2025	11093
Epilepsy	2005	2720
Epilepsy	2006	3000
Epilepsy	2007	3201
Epilepsy	2008	3337
Epilepsy	2009	3501
Epilepsy	2010	3786
Epilepsy	2011	4173
Epilepsy	2012	4569
Epilepsy	2013	5217
Epilepsy	2014	5501
Epilepsy	2015	5555
Epilepsy	2016	5855
Epilepsy	2017	6033
Epilepsy	2018	6331
Epilepsy	2019	6616
Epilepsy	2020	7686
Epilepsy	2021	8535
Epilepsy	2022	7899
Epilepsy	2023	7802
Epilepsy	2024	8329
Epilepsy	2025	9134
Fibromyalgia	2005	268
Fibromyalgia	2006	338
Fibromyalgia	2007	371
Fibromyalgia	2008	438
Fibromyalgia	2009	508
Fibromyalgia	2010	520
Fibromyalgia	2011	610
Fibromyalgia	2012	595
Fibromyalgia	2013	618
Fibromyalgia	2014	614
Fibromyalgia	2015	660
Fibromyalgia	2016	665
Fibromyalgia	2017	681
Fibromyalgia	2018	625
Fibromyalgia	2019	688
Fibromyalgia	2020	799
Fibromyalgia	2021	870
Fibromyalgia	2022	875
Fibromyalgia	2023	926
Fibromyalgia	2024	969
Fibromyalgia	2025	1029
