GENE	symbol	ZSTAT	P	score	rank_pct
3670	ISL1	3.3898	0.00034976	11.802	1
777	CACNA1E	4.6539	1.6285e-06	11.45	0.99993
201595	STT3B	3.7654	8.3155e-05	10.396	0.99985
1630	DCC	4.5325	2.9144e-06	10.18	0.99978
27253	PCDH17	4.5739	2.3937e-06	9.827	0.9997
57554	LRRC7	6.0699	6.3995e-10	9.7801	0.99963
57216	VANGL2	-4.1482	0.99998	9.4021	0.99955
375567	VWC2	4.2059	1.3001e-05	9.2515	0.99948
22986	SORCS3	3.8055	7.076e-05	9.0129	0.99941
10564	ARFGEF2	5.8162	3.0101e-09	8.9145	0.99933
5288	PIK3C2G	2.7051	0.0034139	8.8512	0.99926
1010	CDH12	3.1771	0.00074371	8.5399	0.99918
64174	DPEP2	-3.0336	0.99879	8.4253	0.99911
9976	CLEC2B	-2.5692	0.9949	8.3152	0.99903
79703	C11orf80	4.2372	1.1318e-05	8.1157	0.99896
5334	PLCL1	4.4895	3.5696e-06	8.0863	0.99888
7162	TPBG	-2.8566	0.99786	8.035	0.99881
80830	APOL6	-3.4892	0.99976	8.0266	0.99874
79740	ZBBX	3.699	0.00010822	7.9539	0.99866
219578	ZNF804B	2.5014	0.0061854	7.9437	0.99859
7932	OR2H2	3.1961	0.00069652	7.8873	0.99851
57495	NWD2	2.5253	0.0057804	7.8336	0.99844
4929	NR4A2	2.4015	0.0081631	7.7725	0.99836
391475	DYTN	2.496	0.0062795	7.5932	0.99829
11055	ZPBP	4.1066	2.0073e-05	7.5821	0.99822
114571	SLC22A9	2.3658	0.0089944	7.5815	0.99814
132671	SPATA18	-3.7551	0.99991	7.561	0.99807
80212	CCDC92	4.7481	1.0268e-06	7.5437	0.99799
91683	SYT12	3.2923	0.00049689	7.501	0.99792
6712	SPTBN2	4.2761	9.5097e-06	7.4353	0.99784
2845	GPR22	3.461	0.00026904	7.3163	0.99777
6304	SATB1	3.0976	0.00097547	7.1814	0.99769
3745	KCNB1	3.2656	0.00054617	7.1637	0.99762
387640	SKIDA1	3.5207	0.00021524	7.1621	0.99755
10716	TBR1	2.3292	0.0099235	7.0444	0.99747
9148	NEURL1	4.0926	2.1329e-05	6.9842	0.9974
143098	MPP7	2.7721	0.0027845	6.9386	0.99732
57718	PPP4R4	2.7605	0.0028854	6.9096	0.99725
5069	PAPPA	-3.9089	0.99995	6.8512	0.99717
56934	CA10	2.9762	0.0014592	6.839	0.9971
219623	TMEM26	2.7139	0.0033253	6.6672	0.99703
340260	UNCX	-1.8923	0.97078	6.6661	0.99695
387775	SLC22A10	2.0489	0.020237	6.6313	0.99688
23467	NPTXR	2.5188	0.0058877	6.5487	0.9968
440585	FAM183A	-2.6096	0.99547	6.5003	0.99673
342850	ANKRD62	2.0224	0.021568	6.4225	0.99665
9355	LHX2	2.2786	0.011345	6.3883	0.99658
282890	ZNF311	4.7106	1.2348e-06	6.3676	0.99651
7139	TNNT2	1.5952	0.055331	6.3366	0.99643
55973	BCAP29	3.1568	0.00079766	6.335	0.99636
10227	MFSD10	3.5577	0.00018705	6.323	0.99628
2890	GRIA1	3.3761	0.00036759	6.3009	0.99621
57451	TENM2	4.4299	4.7146e-06	6.2508	0.99613
3788	KCNS2	2.5536	0.0053314	6.219	0.99606
353149	TBC1D26	2.1645	0.015211	6.1736	0.99598
55210	ATAD3A	4.2233	1.2037e-05	6.1618	0.99591
6780	STAU1	5.5097	1.7972e-08	6.1341	0.99584
5678	PSG9	3.0333	0.0012096	6.1241	0.99576
6196	RPS6KA2	2.9167	0.0017689	6.0946	0.99569
1523	CUX1	2.2584	0.01196	6.0856	0.99561
114798	SLITRK1	2.6643	0.003857	6.083	0.99554
84456	L3MBTL3	2.8351	0.0022908	6.071	0.99546
1813	DRD2	2.6297	0.0042732	6.056	0.99539
83741	TFAP2D	1.8431	0.032654	6.0307	0.99532
64215	DNAJC1	3.113	0.00092606	6.0227	0.99524
10633	RASL10A	2.2025	0.013814	6.0126	0.99517
9986	RCE1	3.5936	0.00016307	5.9968	0.99509
9162	DGKI	3.3793	0.00036339	5.9914	0.99502
27091	CACNG5	2.0416	0.020596	5.9902	0.99494
92906	HNRNPLL	2.4118	0.0079371	5.9886	0.99487
6926	TBX3	-1.7522	0.96013	5.9817	0.99479
51059	FAM135B	3.5409	0.00019935	5.9577	0.99472
5789	PTPRD	2.6857	0.0036186	5.9515	0.99465
56917	MEIS3	2.2107	0.013529	5.9278	0.99457
8927	BSN	2.4714	0.0067298	5.8753	0.9945
7738	ZNF184	2.1634	0.015254	5.8745	0.99442
51005	AMDHD2	2.8378	0.0022712	5.864	0.99435
9096	TBX18	-2.0927	0.98181	5.8483	0.99427
644150	WIPF3	3.1181	0.00091008	5.8289	0.9942
4239	MFAP4	-2.0955	0.98194	5.8288	0.99413
713	C1QB	-2.4824	0.99347	5.8223	0.99405
84276	NICN1	3.3486	0.00040612	5.8091	0.99398
4900	NRGN	2.3068	0.010532	5.7739	0.9939
23129	PLXND1	2.2817	0.011255	5.7493	0.99383
64925	CCDC71	3.6207	0.00014692	5.7366	0.99375
64283	ARHGEF28	2.016	0.021899	5.7293	0.99368
275	AMT	3.4192	0.00031407	5.7033	0.9936
10512	SEMA3C	-2.7112	0.99665	5.6956	0.99353
134548	SOWAHA	2.2046	0.013742	5.6868	0.99346
9356	SLC22A6	2.0207	0.021653	5.6838	0.99338
6096	RORB	1.7366	0.041227	5.6822	0.99331
163175	LGI4	2.1822	0.014549	5.6622	0.99323
80816	ASXL3	2.7961	0.0025861	5.6414	0.99316
10656	KHDRBS3	2.3066	0.01054	5.6255	0.99308
9745	ZNF536	3.2309	0.00061708	5.6023	0.99301
22871	NLGN1	3.5647	0.00018214	5.5971	0.99294
57706	DENND1A	3.8915	4.9804e-05	5.5925	0.99286
22984	PDCD11	4.3967	5.4947e-06	5.5875	0.99279
84969	TOX2	-2.6471	0.99594	5.5782	0.99271
51063	CALHM2	2.6152	0.004459	5.5415	0.99264
80833	APOL3	-1.9846	0.9764	5.5203	0.99256
2615	LRRC32	-1.8757	0.96965	5.5034	0.99249
5101	PCDH9	2.6012	0.0046452	5.5031	0.99242
5188	GATB	2.4833	0.0065081	5.4978	0.99234
5139	PDE3A	-2.5497	0.99461	5.4964	0.99227
219293	ATAD3C	3.0415	0.0011768	5.4591	0.99219
160492	LMNTD1	1.8476	0.032328	5.4459	0.99212
5680	PSG11	2.6953	0.003516	5.4307	0.99204
29119	CTNNA3	2.1252	0.016784	5.4209	0.99197
375337	TOPAZ1	2.6899	0.0035739	5.4198	0.99189
94234	FOXQ1	-2.9078	0.99818	5.4151	0.99182
1805	DPT	3.0304	0.001221	5.4044	0.99175
91687	CENPL	4.5788	2.3385e-06	5.3872	0.99167
6988	TCTA	3.4011	0.00033561	5.3844	0.9916
23544	SEZ6L	2.6327	0.0042356	5.3706	0.99152
57576	KIF17	2.4908	0.0063731	5.3426	0.99145
114900	C1QTNF4	2.5066	0.006095	5.3413	0.99137
56955	MEPE	-1.9099	0.97193	5.3125	0.9913
4174	MCM5	-2.5796	0.99505	5.3092	0.99123
84108	PCGF6	4.0739	2.3118e-05	5.3087	0.99115
10723	SLC12A7	-2.2594	0.98807	5.293	0.99108
2888	GRB14	1.6935	0.045176	5.2918	0.991
9152	SLC6A5	-2.1399	0.98382	5.2808	0.99093
114815	SORCS1	1.8937	0.029134	5.2756	0.99085
5542	PRB1	2.5176	0.0059076	5.237	0.99078
27164	SALL3	-2.0891	0.98165	5.229	0.9907
22953	P2RX2	1.3143	0.094368	5.2208	0.99063
10150	MBNL2	2.5841	0.0048823	5.2208	0.99056
22836	RHOBTB3	-2.9049	0.99816	5.1831	0.99048
1282	COL4A1	-2.4314	0.99248	5.1768	0.99041
80336	PABPC1L	3.0619	0.0010998	5.1631	0.99033
10466	COG5	3.9608	3.7356e-05	5.1432	0.99026
26059	ERC2	1.9687	0.024494	5.1082	0.99018
8626	TP63	-3.0703	0.99893	5.1016	0.99011
285386	TPRG1	1.8905	0.029342	5.0942	0.99004
80332	ADAM33	-2.2051	0.98628	5.0726	0.98996
11221	DUSP10	-2.2822	0.98876	5.0717	0.98989
2004	ELK3	2.0627	0.01957	5.0674	0.98981
9254	CACNA2D2	2.6201	0.0043951	5.057	0.98974
9319	TRIP13	2.0033	0.022572	5.0564	0.98966
145581	LRFN5	2.6214	0.0043788	5.0505	0.98959
55359	STYK1	1.8469	0.032378	5.0419	0.98952
10858	CYP46A1	2.307	0.010528	5.0382	0.98944
9429	ABCG2	-2.5292	0.99428	5.0357	0.98937
89869	PLCZ1	2.2681	0.011662	5.012	0.98929
283807	FBXL22	2.6378	0.0041723	5.0116	0.98922
440836	ODF3B	-1.6804	0.95356	5.0012	0.98914
7360	UGP2	3.3885	0.00035132	4.997	0.98907
57616	TSHZ3	2.7884	0.0026486	4.9752	0.98899
114794	ELFN2	1.8458	0.03246	4.9737	0.98892
9427	ECEL1	1.5889	0.056042	4.9649	0.98885
8756	ADAM7	2.2689	0.011636	4.9639	0.98877
345222	MSANTD1	2.773	0.0027771	4.955	0.9887
9378	NRXN1	3.862	5.6224e-05	4.9484	0.98862
246329	STAC3	3.0051	0.0013276	4.947	0.98855
374462	PTPRQ	1.758	0.03937	4.9449	0.98847
8771	TNFRSF6B	2.9053	0.0018345	4.9359	0.9884
78999	LRFN4	3.8786	5.2535e-05	4.9353	0.98833
23314	SATB2	1.5774	0.057347	4.929	0.98825
113220	KIF12	1.9754	0.024113	4.9284	0.98818
58155	PTBP2	3.4994	0.00023315	4.926	0.9881
347	APOD	-2.6003	0.99534	4.9152	0.98803
54984	PINX1	3.0144	0.0012876	4.9089	0.98795
6444	SGCD	1.9313	0.026722	4.9087	0.98788
64919	BCL11B	2.0367	0.020841	4.8989	0.9878
2629	GBA	2.9183	0.0017596	4.8952	0.98773
9560	CCL4L2	2.4894	0.0063974	4.8935	0.98766
158046	NXNL2	1.7472	0.040301	4.8828	0.98758
5737	PTGFR	-2.4441	0.99274	4.8726	0.98751
5743	PTGS2	-2.5746	0.99498	4.8722	0.98743
55120	FANCL	2.998	0.0013586	4.8721	0.98736
339302	CPLX4	-2.3621	0.99091	4.8616	0.98728
9376	SLC22A8	1.7324	0.041605	4.8569	0.98721
54932	EXD3	2.7017	0.0034488	4.8565	0.98714
55521	TRIM36	2.1711	0.01496	4.8526	0.98706
83595	SOX7	3.3618	0.00038718	4.8414	0.98699
5604	MAP2K1	2.1314	0.016527	4.8359	0.98691
53919	SLCO1C1	-1.9717	0.97568	4.8296	0.98684
204219	CERS3	2.0125	0.022083	4.8215	0.98676
55068	ENOX1	2.1733	0.01488	4.8205	0.98669
54715	RBFOX1	2.1875	0.014354	4.8074	0.98662
83858	ATAD3B	4.3629	6.4165e-06	4.8027	0.98654
2791	GNG11	-1.7282	0.95802	4.7998	0.98647
2662	GDF10	2.8542	0.0021575	4.794	0.98639
282969	FUOM	-2.3284	0.99005	4.7922	0.98632
6101	RP1	-2.3274	0.99003	4.7901	0.98624
3623	INHA	2.4609	0.0069285	4.7899	0.98617
387601	SLC22A25	1.4254	0.077015	4.7875	0.98609
7057	THBS1	-2.3214	0.98987	4.7778	0.98602
54361	WNT4	-2.3199	0.98983	4.7696	0.98595
81929	SEH1L	3.1806	0.00073489	4.7588	0.98587
4050	LTB	2.0644	0.019491	4.749	0.9858
133522	PPARGC1B	2.4152	0.0078638	4.7477	0.98572
5991	RFX3	2.1095	0.01745	4.7428	0.98565
79658	ARHGAP10	2.5237	0.0058068	4.7412	0.98557
84952	CGNL1	-2.1359	0.98366	4.7331	0.9855
5172	SLC26A4	1.5588	0.059519	4.7144	0.98543
116835	HSPA12B	-3.4423	0.99971	4.7073	0.98535
23286	WWC1	2.9792	0.0014451	4.6998	0.98528
63974	NEUROD6	1.7257	0.042204	4.6984	0.9852
