cluster_id	cluster_name	supercluster	neuronal	Number of cells	NGENES	BETA	SE	p_A	fdr_A	p_B	z	z_std	panel_mean	panel_sd	s	panel_percentile	T2_specific
0	Bcell_0	Miscellaneous	False	105	13448	-0.0037476	0.0088239	0.66447	0.82287	0.52803	-0.42469	-0.88746	0.79117	3.024	-0.5551	0.36842	False
1	Tcell_1	Miscellaneous	False	2474	13448	-0.0020837	0.0084725	0.59713	0.75418	0.47518	-0.24593	-0.75875	0.98699	3.0947	-0.56411	0.31579	False
2	Nkcell_2	Miscellaneous	False	671	13448	-0.0037313	0.008612	0.66758	0.82287	0.56716	-0.43324	-0.89362	0.92708	3.0259	-0.6017	0.31579	False
3	Mono_3	Miscellaneous	False	503	13448	0.0016627	0.0084466	0.42197	0.62954	0.22357	0.19686	-0.43994	1.079	3.1332	-0.48479	0.42105	False
4	Mgl_4	Microglia	False	745	13448	-0.0040081	0.0084742	0.68188	0.83603	0.44081	-0.47296	-0.92222	0.76505	3.3158	-0.50886	0.36842	False
5	Mgl_5	Microglia	False	777	13448	-0.0067164	0.0084276	0.78725	0.88734	0.56449	-0.79692	-1.1555	0.59737	3.2316	-0.54241	0.36842	False
6	Mgl_6	Microglia	False	2485	13448	-0.0098323	0.0084129	0.87873	0.94208	0.7463	-1.1687	-1.4231	0.59365	3.0818	-0.65442	0.26316	False
7	Mgl_7	Microglia	False	34829	13448	-0.0090714	0.0084582	0.85824	0.94152	0.71249	-1.0724	-1.3539	0.62556	3.2495	-0.60915	0.31579	False
8	Mgl_8	Microglia	False	7750	13448	-0.010822	0.0083662	0.90207	0.95304	0.79311	-1.2934	-1.513	0.65193	3.0951	-0.69946	0.26316	False
9	Mgl_9	Microglia	False	5165	13448	-0.0092677	0.0084642	0.86321	0.94152	0.73607	-1.0949	-1.37	0.6216	3.0947	-0.64356	0.36842	False
10	Mgl_10	Microglia	False	16707	13448	-0.01101	0.0084326	0.90416	0.95304	0.79472	-1.3056	-1.5217	0.69519	3.1414	-0.70572	0.26316	False
11	Mgl_11	Microglia	False	20036	13448	-0.0084392	0.0084173	0.84197	0.93081	0.73817	-1.0026	-1.3036	0.84242	2.9776	-0.72071	0.26316	False
12	Mgl_12	Microglia	False	3344	13448	-0.011187	0.0083571	0.90963	0.95304	0.77849	-1.3385	-1.5454	0.38108	3.2717	-0.58883	0.31579	False
13	VendPLVAP_13	Vascular	False	73	13448	-0.023548	0.0084771	0.99726	0.99983	0.9824	-2.7774	-2.5814	0.22711	2.5023	-1.1224	0.10526	False
14	VendAC_14	Vascular	False	748	13448	-0.011767	0.0084201	0.91885	0.96052	0.80027	-1.3974	-1.5878	0.58381	2.4101	-0.90106	0.15789	False
15	VendC_15	Vascular	False	2746	13448	-0.011177	0.0083823	0.90879	0.95304	0.80312	-1.3333	-1.5417	0.64264	2.5006	-0.87353	0.21053	False
16	VendVC_16	Vascular	False	1046	13448	-0.014366	0.0083376	0.95754	0.98753	0.87579	-1.7228	-1.8221	0.74186	2.6652	-0.96201	0.15789	False
17	VendV_17	Vascular	False	101	13448	-0.017659	0.0086818	0.97901	0.9985	0.93311	-2.0337	-2.046	0.52572	2.6699	-0.96321	0.10526	False
18	VendA_18	Vascular	False	451	13448	-0.0096431	0.0083723	0.87528	0.94208	0.69425	-1.1517	-1.4109	0.42725	2.684	-0.68486	0.31579	False
19	Vsmc_19	Vascular	False	229	13448	-0.01408	0.0082141	0.95673	0.98753	0.82634	-1.7139	-1.8157	0.042503	2.5346	-0.73316	0.26316	False
20	Vsmc_20	Vascular	False	845	13448	-0.015372	0.0082597	0.96862	0.99395	0.89538	-1.8609	-1.9215	0.12966	2.2465	-0.91305	0.21053	False
21	Per_21	Vascular	False	1753	13448	-0.0099636	0.0084035	0.88211	0.94351	0.75429	-1.1856	-1.4353	0.28387	2.1392	-0.80367	0.26316	False
22	Per_22	Vascular	False	1856	13448	-0.0043355	0.0083931	0.69726	0.8416	0.51563	-0.51654	-0.95359	0.47204	2.0741	-0.68735	0.31579	False
23	Per_23	Vascular	False	84	13448	-0.015699	0.0087075	0.96429	0.99227	0.90818	-1.8028	-1.8797	-0.34327	1.8687	-0.82219	0.26316	False
24	Fbl_24	Fibroblast	False	279	13448	-0.027112	0.0082604	0.99948	0.99983	0.99584	-3.2795	-2.9429	-0.78934	2.7533	-0.78218	0.15789	False
25	Fbl_25	Fibroblast	False	709	13448	-0.026683	0.0082476	0.99939	0.99983	0.99627	-3.2342	-2.9103	-0.53594	2.6465	-0.89716	0.15789	False
26	Fbl_26	Fibroblast	False	1340	13448	-0.02972	0.008301	0.99983	0.99983	0.99901	-3.5827	-3.1613	-0.44534	2.7333	-0.99366	0.10526	False
27	Fbl_27	Fibroblast	False	2056	13448	-0.029197	0.0083701	0.99976	0.99983	0.99888	-3.4917	-3.0957	-0.38104	2.3771	-1.142	0.052632	False
28	Fbl_28	Fibroblast	False	3767	13448	-0.030065	0.0084667	0.99981	0.99983	0.99899	-3.5536	-3.1403	-0.47552	2.3696	-1.1246	0.052632	False
29	Fbl_29	Fibroblast	False	63	13448	-0.023233	0.0086987	0.99621	0.99983	0.98447	-2.6702	-2.5043	-0.60348	2.1852	-0.86987	0.15789	False
30	Fbl_30	Fibroblast	False	283	13448	-0.016038	0.0083118	0.97316	0.99474	0.91343	-1.9294	-1.9709	-0.61843	2.1368	-0.63292	0.31579	False
31	Fbl_31	Fibroblast	False	659	13448	-0.021607	0.0082812	0.99546	0.99983	0.98008	-2.609	-2.4602	-0.60125	2.4954	-0.74495	0.21053	False
32	OPC_32	Oligodendrocyte precursor	False	929	13448	0.00051911	0.0088002	0.47648	0.67829	0.4936	0.05899	-0.53921	-0.5639	1.4282	0.017292	0.52632	False
33	OPC_33	Oligodendrocyte precursor	False	48139	13448	-0.0010623	0.0084691	0.54991	0.73053	0.54801	-0.12543	-0.67199	-0.45556	1.2644	-0.17117	0.42105	False
34	OPC_34	Oligodendrocyte precursor	False	31058	13448	0.0014476	0.0085456	0.43274	0.6394	0.44813	0.1694	-0.45971	-0.26094	1.3978	-0.1422	0.52632	False
35	OPC_35	Oligodendrocyte precursor	False	23965	13448	0.0024172	0.0084715	0.3877	0.58987	0.4131	0.28532	-0.37625	-0.1584	1.3472	-0.1617	0.52632	False
36	OPC_36	Oligodendrocyte precursor	False	1643	13448	-0.006157	0.0083829	0.76866	0.87494	0.68457	-0.73444	-1.1105	-0.16966	1.3781	-0.6827	0.21053	False
37	COP_37	Committed oligodendrocyte precursor	False	796	13448	0.0027305	0.0084315	0.37303	0.58235	0.3776	0.32384	-0.34851	-0.19788	1.1544	-0.13049	0.52632	False
38	COP_38	Committed oligodendrocyte precursor	False	779	13448	-0.00046896	0.0084344	0.52217	0.71643	0.49415	-0.055601	-0.62171	0.031027	1.4168	-0.4607	0.42105	False
39	COP_39	Committed oligodendrocyte precursor	False	178	13448	0.0026181	0.0086482	0.38105	0.58541	0.37821	0.30272	-0.36372	-0.051725	1.1089	-0.28136	0.36842	False
40	Oligo_40	Oligodendrocyte	False	4913	13448	-0.0059604	0.0085126	0.75809	0.87193	0.73608	-0.70017	-1.0858	0.21503	1.2967	-1.0032	0.10526	False
41	COP_41	Committed oligodendrocyte precursor	False	1310	13448	0.0034175	0.0084668	0.34325	0.55317	0.33196	0.40361	-0.29108	0.40533	1.2194	-0.57111	0.21053	False
42	COP_42	Committed oligodendrocyte precursor	False	1170	13448	-0.0052841	0.0084948	0.73303	0.86192	0.77393	-0.622	-1.0295	0.66068	1.0457	-1.6164	0.052632	False
43	COP_43	Committed oligodendrocyte precursor	False	417	13448	-0.0090097	0.0084863	0.8558	0.94152	0.88072	-1.0616	-1.3461	0.48847	1.2223	-1.5009	0.10526	False
44	Oligo_44	Oligodendrocyte	False	1.0104e+05	13448	-0.0036537	0.0085291	0.66581	0.82287	0.64421	-0.42837	-0.89011	0.32	1.4603	-0.82865	0.21053	False
45	Oligo_45	Oligodendrocyte	False	1.0932e+05	13448	-0.005764	0.0085461	0.74998	0.87193	0.73215	-0.67443	-1.0673	0.31794	1.3794	-1.0043	0.10526	False
46	Oligo_46	Oligodendrocyte	False	60616	13448	-0.0061488	0.0085444	0.76412	0.87193	0.74554	-0.71962	-1.0998	0.30573	1.3822	-1.0169	0.052632	False
47	Oligo_47	Oligodendrocyte	False	1.2484e+05	13448	-0.0075316	0.0085481	0.81085	0.9029	0.8017	-0.88103	-1.216	0.27284	1.3417	-1.1097	0.10526	False
48	Oligo_48	Oligodendrocyte	False	2190	13448	-0.0015624	0.0085909	0.57215	0.73267	0.58275	-0.18185	-0.71261	0.2797	1.2042	-0.82408	0.21053	False
49	Oligo_49	Oligodendrocyte	False	84282	13448	-0.0042001	0.0084838	0.68972	0.83674	0.67198	-0.49506	-0.93813	0.18973	1.4894	-0.75725	0.21053	False
50	Oligo_50	Oligodendrocyte	False	3044	13448	-0.0031341	0.0086666	0.64118	0.80104	0.61592	-0.36161	-0.84205	-0.035032	1.3702	-0.58898	0.31579	False
51	Bgl_51	Bergmann glia	False	8041	13448	0.0064667	0.0084342	0.22163	0.4311	0.13515	0.7667	-0.02965	0.54813	1.5669	-0.36874	0.47368	False
52	Astro_52	Astrocyte	False	25484	13448	0.012384	0.0085525	0.073825	0.22953	0.041017	1.4479	0.46081	0.40123	1.4982	0.039767	0.63158	False
53	Astro_53	Astrocyte	False	4803	13448	0.0095799	0.0084903	0.1296	0.31991	0.058054	1.1283	0.23069	0.06684	1.6242	0.10088	0.63158	False
54	Astro_54	Astrocyte	False	24168	13448	0.0095122	0.0084627	0.13052	0.32005	0.058785	1.1239	0.22756	0.059257	1.6828	0.10001	0.63158	False
55	Astro_55	Astrocyte	False	3576	13448	0.0091886	0.0084371	0.13807	0.32809	0.071967	1.089	0.20243	-0.047208	1.5679	0.15922	0.68421	False
56	Astro_56	Astrocyte	False	1672	13448	0.010147	0.0084427	0.11473	0.30492	0.062812	1.2018	0.28359	0.37586	1.4543	-0.063445	0.57895	False
57	Astro_57	Astrocyte	False	6925	13448	0.0053911	0.0084321	0.2613	0.46929	0.11826	0.63934	-0.12135	0.13466	1.7697	-0.14466	0.52632	False
58	Astro_58	Astrocyte	False	8021	13448	0.003128	0.0085012	0.35646	0.56602	0.19421	0.36794	-0.31676	-0.03479	1.585	-0.1779	0.52632	False
59	Astro_59	Astrocyte	False	4062	13448	0.0075507	0.0085358	0.1882	0.39046	0.085262	0.88455	0.055203	0.40403	1.5203	-0.22945	0.47368	False
60	Astro_60	Astrocyte	False	25366	13448	0.0076925	0.0084347	0.18089	0.38078	0.0808	0.91198	0.074952	0.19224	1.5371	-0.0763	0.52632	False
61	Astro_61	Astrocyte	False	13621	13448	0.0020745	0.0084443	0.40297	0.60709	0.20985	0.24567	-0.4048	-0.14702	1.7477	-0.1475	0.47368	False
62	Astro_62	Astrocyte	False	24821	13448	0.0036872	0.0084347	0.33101	0.54304	0.15093	0.43713	-0.26695	0.022742	1.6529	-0.17526	0.52632	False
63	Astro_63	Astrocyte	False	11325	13448	-0.0048711	0.008385	0.71935	0.8569	0.47779	-0.58091	-0.99994	-0.1564	1.7614	-0.4789	0.36842	False
64	Astro_64	Astrocyte	False	1181	13448	-0.0094552	0.0086082	0.86397	0.94152	0.72912	-1.0983	-1.3725	-0.63194	1.8732	-0.39535	0.31579	False
65	Epen_65	Ependymal	False	88	13448	-0.0046125	0.0083087	0.7106	0.85087	0.40432	-0.55514	-0.98139	-0.8223	1.6164	-0.098418	0.52632	False
66	Epen_66	Ependymal	False	445	13448	-0.0058914	0.0083968	0.75854	0.87193	0.60683	-0.70161	-1.0868	-0.8314	1.4577	-0.17524	0.42105	False
67	Epen_67	Ependymal	False	651	13448	-0.0082323	0.0083008	0.83933	0.93012	0.71101	-0.99171	-1.2957	-0.6156	1.4445	-0.47084	0.36842	False
68	Epen_68	Ependymal	False	459	13448	-0.010983	0.0084395	0.90341	0.95304	0.82139	-1.3012	-1.5186	-0.89734	1.4942	-0.41578	0.31579	False
69	Epen_69	Ependymal	False	724	13448	-0.0060471	0.008454	0.76278	0.87193	0.6123	-0.71527	-1.0967	-0.71997	1.5649	-0.24073	0.42105	False
70	Epen_70	Ependymal	False	310	13448	-0.0096406	0.0083937	0.87462	0.94208	0.76321	-1.1485	-1.4086	-0.57732	1.3531	-0.61437	0.31579	False
71	Epen_71	Ependymal	False	476	13448	-0.0069355	0.0083703	0.79632	0.8932	0.63709	-0.82855	-1.1782	-0.56765	1.613	-0.37855	0.42105	False
72	Epen_72	Ependymal	False	1027	13448	-0.0047618	0.0083588	0.71555	0.85458	0.51491	-0.56967	-0.99185	-0.57893	1.5964	-0.25865	0.47368	False
73	Epen_73	Ependymal	False	907	13448	-0.0054502	0.0082882	0.74459	0.87121	0.56373	-0.65756	-1.0551	-0.636	1.5375	-0.27261	0.47368	False
74	Epen_74	Ependymal	False	795	13448	-0.010845	0.0082258	0.90631	0.95304	0.77893	-1.3184	-1.5309	-0.6912	1.6925	-0.49614	0.42105	False
75	COP_75	Committed oligodendrocyte precursor	False	70	13448	-0.010389	0.0082575	0.89582	0.95304	0.82941	-1.2581	-1.4875	-0.73058	1.5268	-0.49575	0.42105	False
76	Chrp_76	Choroid plexus	False	101	13448	-0.025264	0.0084042	0.99867	0.99983	0.9904	-3.0045	-2.745	-0.7628	2.1642	-0.91589	0.26316	False
77	Chrp_77	Choroid plexus	False	1659	13448	-0.012069	0.0084038	0.9245	0.96424	0.85476	-1.436	-1.6156	-0.58286	2.0109	-0.51359	0.36842	False
78	Chrp_78	Choroid plexus	False	2653	13448	-0.015889	0.0084316	0.97023	0.99395	0.92953	-1.8842	-1.9383	-0.62498	2.0398	-0.64386	0.21053	False
79	Chrp_79	Choroid plexus	False	383	13448	-0.0095437	0.0085154	0.86879	0.94152	0.76565	-1.1207	-1.3886	-0.69429	1.9142	-0.3627	0.42105	False
80	Chrp_80	Choroid plexus	False	1347	13448	-0.014261	0.0084582	0.95409	0.98753	0.90393	-1.6859	-1.7955	-0.58885	2.0606	-0.5856	0.31579	False
81	Chrp_81	Choroid plexus	False	1375	13448	-0.013643	0.0084479	0.94682	0.98307	0.89129	-1.6148	-1.7443	-0.46491	1.9511	-0.65573	0.26316	False
82	Chrp_82	Choroid plexus	False	171	13448	-0.013559	0.0085342	0.94392	0.98227	0.87594	-1.5886	-1.7255	-0.61158	1.7767	-0.62695	0.26316	False
83	DLNP_83	Deep-layer near-projecting	True	476	13448	0.0085154	0.0086753	0.16317	0.3582	0.5399	0.98151	0.12502	0.36256	0.67456	-0.35214	0.31579	False
84	DLCT6b_84	Deep-layer corticothalamic and 6b	True	4474	13448	0.014876	0.008533	0.040645	0.15695	0.23609	1.7432	0.67348	0.03295	0.71544	0.89528	0.78947	False
85	DLNP_85	Deep-layer near-projecting	True	514	13448	0.0057543	0.0087128	0.25449	0.46681	0.69692	0.66043	-0.10617	0.099147	0.66761	-0.30754	0.26316	False
86	DLNP_86	Deep-layer near-projecting	True	1508	13448	0.00050093	0.0085852	0.47674	0.67829	0.89613	0.058337	-0.53968	0.083326	0.66126	-0.94215	0.10526	False
87	DLNP_87	Deep-layer near-projecting	True	1203	13448	0.0070164	0.0086293	0.20809	0.41708	0.63595	0.81307	0.0037347	0.15681	0.82722	-0.18504	0.36842	False
88	DLNP_88	Deep-layer near-projecting	True	1548	13448	0.0056618	0.0085878	0.25487	0.46681	0.70242	0.65924	-0.10702	0.063141	0.78417	-0.217	0.47368	False
89	DLNP_89	Deep-layer near-projecting	True	1405	13448	0.0027238	0.0085609	0.37518	0.58235	0.81837	0.31816	-0.3526	0.11404	0.8704	-0.53612	0.31579	False
90	DLNP_90	Deep-layer near-projecting	True	1804	13448	0.0038194	0.0086435	0.32929	0.54215	0.76628	0.44187	-0.26353	0.3704	0.75217	-0.8428	0.15789	False
91	DLNP_91	Deep-layer near-projecting	True	1523	13448	0.0098421	0.0086492	0.12759	0.31991	0.47411	1.1379	0.23759	0.35604	0.73684	-0.16076	0.47368	False
92	DLNP_92	Deep-layer near-projecting	True	2119	13448	0.0089991	0.0086616	0.14942	0.33932	0.53747	1.0389	0.16635	0.25944	0.95368	-0.097603	0.52632	False
93	DLNP_93	Deep-layer near-projecting	True	2217	13448	0.0057444	0.0086394	0.25306	0.46681	0.69773	0.66489	-0.10295	0.35912	0.80457	-0.57431	0.36842	False
94	DLNP_94	Deep-layer near-projecting	True	2547	13448	0.0063197	0.0086198	0.23174	0.44513	0.66316	0.73313	-0.053821	0.18768	0.8127	-0.29716	0.42105	False
95	DLNP_95	Deep-layer near-projecting	True	1307	13448	0.008921	0.0086928	0.1524	0.34271	0.53189	1.0262	0.15719	0.1223	0.79672	0.043789	0.57895	False
96	DLNP_96	Deep-layer near-projecting	True	685	13448	0.0088936	0.008662	0.15228	0.34271	0.54174	1.0267	0.15756	0.084524	0.86853	0.084086	0.57895	False
97	DLCT6b_97	Deep-layer corticothalamic and 6b	True	287	13448	0.0095417	0.0084626	0.12977	0.31991	0.47232	1.1275	0.23011	-0.16658	0.78261	0.50688	0.63158	False
98	DLCT6b_98	Deep-layer corticothalamic and 6b	True	4953	13448	0.018401	0.0086981	0.017203	0.090304	0.12021	2.1153	0.94134	0.4695	0.79405	0.59423	0.63158	False
99	DLCT6b_99	Deep-layer corticothalamic and 6b	True	4421	13448	0.022306	0.0086609	0.0050115	0.046044	0.046214	2.575	1.2724	0.42347	0.88989	0.95394	0.84211	False
100	DLCT6b_100	Deep-layer corticothalamic and 6b	True	4900	13448	0.020073	0.0087596	0.010974	0.070751	0.088419	2.2913	1.0681	0.28137	0.62244	1.2639	0.89474	False
101	DLCT6b_101	Deep-layer corticothalamic and 6b	True	2972	13448	0.023884	0.0086317	0.0028335	0.03891	0.026543	2.7665	1.4102	0.32279	0.88416	1.2299	0.89474	False
102	DLCT6b_102	Deep-layer corticothalamic and 6b	True	1920	13448	0.021511	0.0086323	0.0063601	0.051094	0.053952	2.4915	1.2122	0.28786	0.69015	1.3394	0.89474	False
103	DLCT6b_103	Deep-layer corticothalamic and 6b	True	1268	13448	0.020731	0.0086196	0.0080909	0.06016	0.063316	2.4048	1.1498	0.43485	0.78593	0.90968	0.84211	False
104	DLCT6b_104	Deep-layer corticothalamic and 6b	True	1973	13448	0.022055	0.0086701	0.005489	0.047744	0.047452	2.5434	1.2496	0.1585	0.85557	1.2753	0.94737	False
105	DLCT6b_105	Deep-layer corticothalamic and 6b	True	4269	13448	0.021381	0.0085801	0.0063609	0.051094	0.053646	2.4915	1.2122	0.39744	0.84057	0.96929	0.84211	False
106	DLCT6b_106	Deep-layer corticothalamic and 6b	True	9905	13448	0.015116	0.0086109	0.039602	0.15695	0.21541	1.7553	0.68217	0.42746	0.93659	0.27195	0.57895	False
107	DLCT6b_107	Deep-layer corticothalamic and 6b	True	998	13448	0.013564	0.0087092	0.059703	0.2009	0.27854	1.5573	0.53957	0.10958	0.90001	0.47777	0.73684	False
108	DLCT6b_108	Deep-layer corticothalamic and 6b	True	9206	13448	0.02023	0.0087716	0.010555	0.070751	0.086393	2.306	1.0787	0.1911	0.83976	1.0569	0.89474	False
109	DLCT6b_109	Deep-layer corticothalamic and 6b	True	10646	13448	0.023395	0.008776	0.0038457	0.041229	0.036102	2.6653	1.3374	0.25269	0.7875	1.3774	0.94737	False
110	DLCT6b_110	Deep-layer corticothalamic and 6b	True	8324	13448	0.0259	0.008799	0.0016262	0.027766	0.017003	2.9428	1.5372	0.18284	0.71157	1.9033	1	False
111	DLCT6b_111	Deep-layer corticothalamic and 6b	True	1546	13448	0.022149	0.0086636	0.0052927	0.046922	0.048728	2.5561	1.2587	0.0098173	0.745	1.6764	0.89474	False
112	DLCT6b_112	Deep-layer corticothalamic and 6b	True	6334	13448	0.025668	0.008759	0.0016959	0.027922	0.018092	2.9298	1.5278	-0.0049863	0.81544	1.8797	1	False
113	L5ET_113	Miscellaneous	False	630	13448	0.013703	0.0085699	0.05493	0.19103	0.24928	1.5988	0.56949	-0.084495	1.0554	0.61965	0.89474	False
114	L5ET_114	Miscellaneous	False	915	13448	0.01281	0.0085107	0.066155	0.21477	0.30158	1.5051	0.50197	-0.013884	0.93531	0.55153	0.78947	False
115	L5ET_115	Hippocampal CA1-3	True	140	13448	0.0044817	0.0087355	0.30397	0.51709	0.68065	0.51302	-0.2123	-0.20713	0.99902	-0.0051828	0.63158	False
116	Misc_116	Miscellaneous	False	1341	13448	0.02177	0.0086198	0.0057818	0.048462	0.050998	2.5252	1.2365	0.29024	0.8874	1.0663	0.89474	False
117	L5ET_117	Miscellaneous	False	2655	13448	0.027626	0.0087058	0.00075579	0.021511	0.0084515	3.1725	1.7025	0.30304	0.82799	1.6902	1	False
118	L5ET_118	Miscellaneous	False	109	13448	0.014977	0.0086215	0.041194	0.15695	0.20366	1.737	0.66897	0.11838	0.64787	0.84984	0.78947	False
119	CA13_119	Hippocampal CA1-3	True	6827	13448	0.023061	0.0086204	0.0037396	0.041229	0.035431	2.6747	1.3441	0.40399	0.77424	1.2143	0.89474	False
120	ULIT_120	Upper-layer intratelencephalic	True	21417	13448	0.027071	0.0087846	0.0010319	0.023487	0.011678	3.0809	1.6366	0.48111	0.74029	1.5608	1	False
121	ULIT_121	Upper-layer intratelencephalic	True	36308	13448	0.026665	0.0086834	0.0010699	0.023487	0.011931	3.0701	1.6288	0.33841	0.68778	1.8762	0.89474	False
122	ULIT_122	Upper-layer intratelencephalic	True	29434	13448	0.018448	0.0087237	0.017238	0.090304	0.11771	2.1145	0.94075	0.44614	0.70431	0.70226	0.73684	False
123	ULIT_123	Upper-layer intratelencephalic	True	55595	13448	0.012218	0.0086972	0.080051	0.23963	0.35431	1.4047	0.42974	0.64691	0.71947	-0.30186	0.36842	False
124	ULIT_124	Upper-layer intratelencephalic	True	28224	13448	0.019309	0.0087234	0.013444	0.075582	0.098383	2.2131	1.0118	0.6422	0.72614	0.509	0.68421	False
125	ULIT_125	Upper-layer intratelencephalic	True	13397	13448	0.018499	0.0087098	0.016849	0.090304	0.12542	2.1237	0.94738	0.50799	0.60788	0.72283	0.84211	False
126	ULIT_126	Upper-layer intratelencephalic	True	36970	13448	0.028735	0.0087345	0.00050282	0.016557	0.0060832	3.2889	1.7864	0.53526	0.87589	1.4284	0.94737	False
127	ULIT_127	Upper-layer intratelencephalic	True	10430	13448	0.026475	0.0086781	0.0011439	0.02397	0.013149	3.0501	1.6144	0.57262	0.9379	1.1108	0.89474	False
128	ULIT_128	Upper-layer intratelencephalic	True	10650	13448	0.0093787	0.0086589	0.13939	0.32953	0.5302	1.0831	0.19814	0.41373	0.75497	-0.28556	0.47368	False
129	ULIT_129	Upper-layer intratelencephalic	True	46343	13448	0.01921	0.0086704	0.01337	0.075582	0.1089	2.2153	1.0134	0.57431	0.73385	0.59827	0.73684	False
130	ULIT_130	Upper-layer intratelencephalic	True	25496	13448	0.013609	0.0085712	0.056189	0.19188	0.31275	1.5876	0.5614	0.4566	0.63005	0.16634	0.57895	False
131	ULIT_131	Upper-layer intratelencephalic	True	22050	13448	0.009481	0.0085908	0.13489	0.32501	0.51165	1.1036	0.2129	0.46159	0.73163	-0.33992	0.36842	False
132	Misc_132	Miscellaneous	False	492	13448	-0.00058559	0.0088166	0.52648	0.71748	0.86565	-0.066424	-0.62951	0.40024	1.019	-1.0105	0.21053	False
133	ULIT_133	Upper-layer intratelencephalic	True	20086	13448	0.009037	0.0086245	0.14737	0.33632	0.52587	1.0478	0.17273	0.39952	0.76945	-0.29474	0.42105	False
134	ULIT_134	Upper-layer intratelencephalic	True	12095	13448	0.013846	0.0086888	0.055527	0.19103	0.29384	1.5935	0.56563	0.75674	0.81373	-0.23485	0.36842	False
135	ULIT_135	Upper-layer intratelencephalic	True	28248	13448	0.01884	0.0086769	0.014963	0.082118	0.10867	2.1711	0.98151	0.80557	1.1656	0.15095	0.52632	False
136	DLIT_136	Deep-layer intratelencephalic	True	152	13448	0.031635	0.0090334	0.00023174	0.013354	0.0024955	3.501	1.9391	1.0433	1.216	0.73665	0.78947	False
137	DLIT_137	Deep-layer intratelencephalic	True	17737	13448	0.021696	0.0087413	0.0065392	0.051094	0.056036	2.4816	1.2051	0.5232	0.91274	0.7471	0.73684	False
138	ULIT_138	Upper-layer intratelencephalic	True	58263	13448	0.01079	0.0086712	0.1067	0.29106	0.42609	1.2443	0.31421	0.44099	0.99874	-0.12695	0.47368	False
139	DLIT_139	Deep-layer intratelencephalic	True	24657	13448	0.011417	0.0087401	0.095752	0.27081	0.42071	1.3061	0.35875	0.47612	0.83404	-0.14072	0.47368	False
140	DLIT_140	Deep-layer intratelencephalic	True	12455	13448	0.0019178	0.0086862	0.41263	0.61962	0.8521	0.22078	-0.42271	0.49416	0.82558	-1.1106	0.10526	False
141	DLIT_141	Deep-layer intratelencephalic	True	9992	13448	0.0033254	0.0086808	0.35083	0.55963	0.80135	0.38308	-0.30586	0.79344	0.67494	-1.6287	0.052632	False
142	DLIT_142	Deep-layer intratelencephalic	True	14326	13448	0.015072	0.0086623	0.040948	0.15695	0.24725	1.7398	0.67098	0.50704	0.83448	0.19646	0.52632	False
143	DLIT_143	Deep-layer intratelencephalic	True	13468	13448	0.017373	0.0086574	0.022402	0.10594	0.15692	2.0065	0.86301	0.49255	0.84844	0.43664	0.63158	False
144	DLIT_144	Deep-layer intratelencephalic	True	27079	13448	0.011839	0.0087036	0.086883	0.2535	0.39949	1.3602	0.39768	0.64721	0.85051	-0.2934	0.36842	False
145	DLIT_145	Deep-layer intratelencephalic	True	4953	13448	0.019867	0.008647	0.010802	0.070751	0.088103	2.2973	1.0724	0.41379	0.80522	0.81787	0.68421	False
146	DLIT_146	Deep-layer intratelencephalic	True	5654	13448	0.039602	0.0090672	6.3362e-06	0.002921	8.8727e-05	4.3657	2.5617	0.67388	0.79713	2.3682	1	True
147	DLIT_147	Deep-layer intratelencephalic	True	13265	13448	0.033907	0.0088067	5.9342e-05	0.0063122	0.00081807	3.8488	2.1895	0.66862	1.0201	1.4909	1	False
148	DLIT_148	Deep-layer intratelencephalic	True	16196	13448	0.033697	0.0088248	6.7517e-05	0.0063122	0.00091097	3.8171	2.1667	0.80241	0.8668	1.5739	0.94737	False
149	DLIT_149	Deep-layer intratelencephalic	True	31428	13448	0.021838	0.0087943	0.0065181	0.051094	0.058183	2.4828	1.2059	0.80193	0.7581	0.53293	0.73684	False
150	DLIT_150	Deep-layer intratelencephalic	True	12307	13448	0.028721	0.0087292	0.00050216	0.016557	0.0053793	3.2893	1.7867	0.51639	0.68207	1.8624	1	False
151	DLIT_151	Deep-layer intratelencephalic	True	18750	13448	0.034698	0.008776	3.8705e-05	0.0063122	0.00049866	3.9523	2.264	0.61034	0.76339	2.1662	1	True
152	DLIT_152	Deep-layer intratelencephalic	True	6048	13448	0.030506	0.008675	0.00021947	0.013354	0.0027284	3.5155	1.9495	0.45551	0.74869	1.9955	1	False
153	Amex_153	Amygdala excitatory	True	2227	13448	0.033403	0.0087559	6.8462e-05	0.0063122	0.00086502	3.8137	2.1642	0.33989	0.56212	3.2454	1	True
154	Amex_154	Amygdala excitatory	True	7970	13448	0.027444	0.0089135	0.0010413	0.023487	0.011276	3.0782	1.6346	0.2409	0.62554	2.2281	1	True
155	Amex_155	Amygdala excitatory	True	11716	13448	0.02373	0.0089571	0.0040389	0.041376	0.035824	2.6488	1.3255	0.45489	0.74811	1.1637	0.89474	False
156	Amex_156	Amygdala excitatory	True	5433	13448	0.025627	0.0086652	0.0015542	0.027766	0.014595	2.9568	1.5472	0.10397	0.5057	2.854	1	True
157	Amex_157	Amygdala excitatory	True	14855	13448	0.02973	0.0086346	0.00028855	0.01362	0.003406	3.4422	1.8967	0.079224	0.52635	3.453	1	True
158	Amex_158	Amygdala excitatory	True	6409	13448	0.02342	0.008692	0.0035307	0.041229	0.034279	2.6939	1.358	0.28748	0.61594	1.738	1	False
159	Amex_159	Amygdala excitatory	True	2148	13448	0.023543	0.0088294	0.0038389	0.041229	0.035855	2.6659	1.3378	0.44026	0.66558	1.3485	0.94737	False
160	Amex_160	Amygdala excitatory	True	7244	13448	0.028015	0.0086864	0.00063138	0.019404	0.0072152	3.2243	1.7399	0.19827	0.4859	3.1726	1	True
161	Amex_161	Amygdala excitatory	True	7442	13448	0.031216	0.00876	0.00018378	0.013354	0.0023107	3.5623	1.9832	0.18568	0.56065	3.2062	1	True
162	Amex_162	Amygdala excitatory	True	807	13448	0.022701	0.0087595	0.0047822	0.045929	0.037953	2.5912	1.284	0.055766	0.81151	1.5135	0.94737	False
163	CA13_163	Hippocampal CA1-3	True	492	13448	0.014175	0.0087376	0.052379	0.18433	0.24381	1.6222	0.58633	0.01572	0.70082	0.8142	0.78947	False
164	Misc_164	Miscellaneous	False	659	13448	0.01718	0.0087653	0.025009	0.11415	0.14744	1.9598	0.8294	0.36573	0.6401	0.72437	0.68421	False
165	Misc_165	Miscellaneous	False	2064	13448	0.019374	0.0086839	0.01285	0.075582	0.097484	2.2307	1.0245	0.20319	0.75856	1.0827	0.84211	False
166	Misc_166	Miscellaneous	False	944	13448	0.020868	0.008746	0.0085257	0.062386	0.070887	2.3856	1.136	0.087603	0.71684	1.4625	0.84211	False
167	Misc_167	Miscellaneous	False	1973	13448	0.017402	0.0086721	0.022406	0.10594	0.13418	2.0064	0.86296	-0.06822	0.83085	1.1208	0.84211	False
168	Misc_168	Miscellaneous	False	631	13448	0.024757	0.0088451	0.0025678	0.038186	0.026239	2.7984	1.4332	0.33135	0.73239	1.5044	0.94737	False
169	CA13_169	Hippocampal CA1-3	True	1582	13448	0.026915	0.008754	0.0010566	0.023487	0.011718	3.0738	1.6315	0.39736	0.67818	1.8198	1	False
170	Misc_170	Miscellaneous	False	503	13448	0.020468	0.0088043	0.01005	0.070198	0.075514	2.3245	1.092	0.083682	0.71733	1.4056	0.94737	False
171	Amex_171	Amygdala excitatory	True	332	13448	0.023235	0.00862	0.003519	0.041229	0.032148	2.695	1.3588	0.24537	0.78437	1.4195	0.94737	False
172	Amex_172	Amygdala excitatory	True	8592	13448	0.023676	0.0086738	0.0031753	0.039563	0.031587	2.7291	1.3833	0.33831	0.74325	1.406	0.94737	False
173	Amex_173	Amygdala excitatory	True	233	13448	0.019921	0.0087405	0.011337	0.071594	0.081631	2.2789	1.0591	0.1362	0.72403	1.2747	0.89474	False
174	Amex_174	Amygdala excitatory	True	10364	13448	0.029786	0.008667	0.00029545	0.01362	0.0037367	3.4358	1.8921	0.24455	0.80741	2.0405	1	True
175	Amex_175	Amygdala excitatory	True	8112	13448	0.029143	0.0087091	0.00041087	0.015784	0.0049319	3.3454	1.827	0.10558	0.69715	2.4692	1	True
176	Misc_176	Miscellaneous	False	414	13448	0.0090741	0.0085194	0.14342	0.3342	0.48342	1.0651	0.18519	0.017978	0.83585	0.20005	0.57895	False
177	Misc_177	Miscellaneous	False	3941	13448	0.014588	0.0087571	0.047885	0.17112	0.26554	1.6657	0.61765	0.53468	0.85528	0.097006	0.63158	False
178	Misc_178	Miscellaneous	False	691	13448	0.018119	0.0087008	0.018663	0.093518	0.13052	2.0822	0.91751	0.47139	0.75989	0.58709	0.63158	False
179	CA13_179	Hippocampal CA1-3	True	8293	13448	0.017607	0.0088517	0.023358	0.1078	0.13963	1.9889	0.85032	0.47713	0.84599	0.44112	0.73684	False
180	CA13_180	Hippocampal CA1-3	True	14007	13448	0.016852	0.0087657	0.027286	0.12332	0.1519	1.9223	0.80237	0.232	0.84125	0.678	0.68421	False
181	CA13_181	Hippocampal CA1-3	True	6501	13448	0.019533	0.0087815	0.013072	0.075582	0.085999	2.2241	1.0197	0.31107	0.92244	0.76818	0.84211	False
182	CA13_182	Hippocampal CA1-3	True	7341	13448	0.019999	0.0087309	0.011002	0.070751	0.075716	2.2903	1.0674	0.29185	0.7371	1.0521	0.84211	False
183	CA13_183	Hippocampal CA1-3	True	7853	13448	0.022176	0.0087687	0.0057271	0.048462	0.04349	2.5285	1.2389	0.34939	0.80939	1.099	0.94737	False
184	CA13_184	Hippocampal CA1-3	True	7778	13448	0.022342	0.0086615	0.0049535	0.046044	0.039416	2.5791	1.2753	0.21618	0.81246	1.3035	0.94737	False
185	CA13_185	Hippocampal CA1-3	True	561	13448	0.020747	0.0087237	0.0087055	0.062707	0.066406	2.3779	1.1304	0.40961	0.86816	0.83029	0.89474	False
186	CA13_186	Hippocampal CA1-3	True	6000	13448	0.022353	0.0086982	0.0050938	0.046044	0.044515	2.5694	1.2683	0.34326	0.82902	1.1158	0.94737	False
187	CA13_187	Hippocampal CA1-3	True	5797	13448	0.019374	0.0087514	0.01343	0.075582	0.10125	2.2135	1.0121	0.29857	0.85819	0.83142	0.84211	False
188	CA13_188	Hippocampal CA1-3	True	1458	13448	0.019433	0.0085821	0.011787	0.072451	0.089387	2.264	1.0484	0.3087	0.81355	0.90925	0.78947	False
189	CA13_189	Hippocampal CA1-3	True	349	13448	0.017645	0.0087762	0.022196	0.10594	0.13101	2.0104	0.8658	0.097787	1.1118	0.69078	0.78947	False
190	CA4_190	Hippocampal CA4	True	336	13448	0.0077878	0.0087859	0.18771	0.39046	0.5134	0.88637	0.056511	0.17617	0.69678	-0.17174	0.36842	False
191	CA4_191	Hippocampal CA4	True	486	13448	0.0066998	0.0087749	0.22259	0.43115	0.59956	0.76348	-0.031971	0.16065	0.8468	-0.22748	0.26316	False
192	CA4_192	Hippocampal CA4	True	1635	13448	0.0069298	0.008631	0.21102	0.41931	0.57861	0.80289	-0.0035945	-0.17473	0.81101	0.21101	0.57895	False
193	CA4_193	Hippocampal CA4	True	1343	13448	0.0060109	0.0086342	0.24317	0.45385	0.64034	0.69614	-0.080452	-0.24668	0.75883	0.21906	0.63158	False
194	CA4_194	Hippocampal CA4	True	551	13448	0.0051769	0.0085017	0.27129	0.48309	0.66744	0.60892	-0.14326	-0.22093	0.76852	0.10107	0.63158	False
195	CA4_195	Hippocampal CA4	True	2159	13448	0.006728	0.0086455	0.21823	0.42642	0.60851	0.77818	-0.02138	-0.057827	0.71856	0.050723	0.47368	False
196	CA4_196	Hippocampal CA4	True	1360	13448	0.012299	0.0088957	0.083412	0.24808	0.32452	1.3825	0.41372	0.42204	0.81065	-0.010271	0.52632	False
197	CA4_197	Hippocampal CA4	True	2367	13448	0.012669	0.0087867	0.074685	0.22953	0.29728	1.4418	0.4564	0.29532	0.66001	0.24406	0.52632	False
198	CA4_198	Hippocampal CA4	True	417	13448	0.010414	0.0087686	0.11749	0.30629	0.40963	1.1876	0.27342	0.14103	0.85778	0.15434	0.52632	False
199	DG_199	Hippocampal dentate gyrus	True	1365	13448	0.008401	0.0085487	0.16288	0.3582	0.46659	0.98269	0.12587	-0.83462	0.73486	1.307	0.89474	False
200	DG_200	Hippocampal dentate gyrus	True	23293	13448	0.01577	0.0089497	0.039043	0.15651	0.17843	1.7619	0.6869	-0.31417	0.70987	1.4102	0.89474	False
201	DG_201	Hippocampal dentate gyrus	True	18996	13448	0.016805	0.0089252	0.029868	0.13113	0.14053	1.8827	0.77391	-0.27801	0.55028	1.9116	0.94737	False
202	DG_202	Hippocampal dentate gyrus	True	398	13448	0.010682	0.0090514	0.11898	0.30814	0.31803	1.1801	0.268	-0.33559	0.57835	1.0437	0.89474	False
203	DG_203	Hippocampal dentate gyrus	True	8378	13448	0.021563	0.0088525	0.0074368	0.056203	0.049954	2.4354	1.1719	-0.18737	0.51829	2.6225	1	False
204	DG_204	Hippocampal dentate gyrus	True	9290	13448	0.010044	0.0084602	0.1176	0.30629	0.37807	1.1871	0.27302	-0.74177	0.83776	1.2113	0.84211	False
205	DG_205	Hippocampal dentate gyrus	True	5813	13448	0.013304	0.0086138	0.061252	0.20306	0.25301	1.5443	0.53026	-0.65225	0.68458	1.7274	0.94737	False
206	MSN_206	Medium spiny neuron	True	172	13448	0.015673	0.0087394	0.03647	0.15011	0.15767	1.7932	0.70944	0.27029	0.80486	0.54563	0.78947	False
207	MSN_207	Medium spiny neuron	True	20569	13448	0.016501	0.0086991	0.028934	0.12826	0.13881	1.8967	0.78396	0.31206	0.82489	0.57207	0.78947	False
208	MSN_208	Medium spiny neuron	True	13170	13448	0.019318	0.0086385	0.012677	0.075582	0.07742	2.236	1.0282	0.27293	0.77935	0.96915	0.84211	False
209	MSN_209	Medium spiny neuron	True	11410	13448	0.015905	0.0086414	0.032854	0.13769	0.16005	1.8404	0.74343	0.2014	0.78336	0.69193	0.78947	False
210	MSN_210	Medium spiny neuron	True	10299	13448	0.013363	0.0086716	0.061666	0.20306	0.24458	1.5409	0.52781	0.21312	0.80683	0.39003	0.68421	False
211	MSN_211	Medium spiny neuron	True	9093	13448	0.01647	0.0086191	0.028021	0.12541	0.14946	1.9107	0.79405	0.15481	0.75013	0.85217	0.84211	False
212	MSN_212	Medium spiny neuron	True	6867	13448	0.019707	0.0086757	0.011568	0.072066	0.072539	2.2712	1.0536	0.41954	0.73103	0.86733	0.84211	False
213	MSN_213	Medium spiny neuron	True	13450	13448	0.017849	0.0085709	0.018658	0.093518	0.10856	2.0823	0.91759	0.063302	0.70013	1.2202	0.89474	False
214	MSN_214	Medium spiny neuron	True	14016	13448	0.017788	0.0085756	0.019038	0.094371	0.11641	2.074	0.91164	-0.10073	0.61583	1.6439	0.94737	False
215	MSN_215	Medium spiny neuron	True	16654	13448	0.016088	0.0085737	0.03031	0.13182	0.1575	1.8763	0.76924	0.022032	0.7346	1.0172	0.89474	False
216	MSN_216	Medium spiny neuron	True	5720	13448	0.023275	0.0086974	0.0037294	0.041229	0.030655	2.6756	1.3448	0.23534	0.69871	1.5879	1	False
217	MSN_217	Medium spiny neuron	True	7260	13448	0.027031	0.0089459	0.00126	0.025255	0.014433	3.0209	1.5934	-0.037589	0.97686	1.6696	1	False
218	MSN_218	Medium spiny neuron	True	6712	13448	0.018339	0.0086951	0.017479	0.090537	0.1103	2.1088	0.93671	-0.27548	0.83355	1.4542	0.94737	False
219	MSN_219	Medium spiny neuron	True	8342	13448	0.011053	0.0087717	0.10384	0.28837	0.39562	1.26	0.32551	0.058642	0.92993	0.28698	0.52632	False
220	MSN_220	Medium spiny neuron	True	391	13448	0.015524	0.0089753	0.041861	0.15716	0.20718	1.7295	0.66357	-0.085933	0.7031	1.066	0.73684	False
221	MSN_221	Medium spiny neuron	True	2571	13448	0.025706	0.0087281	0.0016174	0.027766	0.015296	2.9445	1.5384	0.37643	0.77421	1.5008	1	False
222	EMSN_222	Eccentric medium spiny neuron	True	2826	13448	0.024322	0.0087396	0.0026979	0.038867	0.023812	2.7824	1.4217	0.25122	0.65662	1.7826	1	False
223	EMSN_223	Eccentric medium spiny neuron	True	2239	13448	0.024068	0.0087441	0.002962	0.038987	0.026119	2.752	1.3998	0.034328	0.7396	1.8462	1	False
224	EMSN_224	Eccentric medium spiny neuron	True	4297	13448	0.024394	0.0086818	0.0024827	0.038151	0.022924	2.8093	1.441	0.061789	0.70393	1.9593	1	False
225	EMSN_225	Eccentric medium spiny neuron	True	2296	13448	0.023425	0.0088146	0.0039421	0.041302	0.033858	2.657	1.3314	0.15871	0.71618	1.6374	1	False
226	EMSN_226	Eccentric medium spiny neuron	True	5927	13448	0.021724	0.0087966	0.0067707	0.052022	0.05397	2.4692	1.1962	0.16427	0.65297	1.5803	0.94737	False
227	EMSN_227	Eccentric medium spiny neuron	True	359	13448	0.020344	0.0088462	0.010742	0.070751	0.073281	2.2994	1.0739	-0.13294	0.88152	1.369	0.94737	False
228	EMSN_228	Eccentric medium spiny neuron	True	3227	13448	0.018667	0.0088959	0.017948	0.091934	0.12619	2.0981	0.92897	0.48827	0.9367	0.47048	0.63158	False
229	EMSN_229	Eccentric medium spiny neuron	True	1857	13448	0.013375	0.0090407	0.069521	0.22103	0.34254	1.4794	0.48348	0.27384	0.83542	0.25093	0.57895	False
230	EMSN_230	Eccentric medium spiny neuron	True	3123	13448	0.012842	0.0088882	0.07426	0.22953	0.31869	1.4448	0.45857	0.047981	0.80324	0.51117	0.73684	False
231	EMSN_231	Eccentric medium spiny neuron	True	2372	13448	0.010691	0.0089348	0.11575	0.30492	0.43211	1.1965	0.27981	0.18756	0.88726	0.10397	0.42105	False
232	EMSN_232	Eccentric medium spiny neuron	True	3682	13448	0.010304	0.0088237	0.12147	0.3111	0.43752	1.1677	0.25905	0.10033	0.61718	0.25717	0.63158	False
233	EMSN_233	Eccentric medium spiny neuron	True	3128	13448	0.019024	0.0089595	0.016873	0.090304	0.1169	2.1231	0.94697	0.058179	0.73346	1.2118	0.94737	False
234	EMSN_234	Eccentric medium spiny neuron	True	3211	13448	0.023197	0.0089155	0.0046414	0.045525	0.042293	2.6015	1.2914	0.16266	0.79489	1.42	0.89474	False
235	Splat_235	Splatter	True	3850	13448	0.0016694	0.0086469	0.42346	0.62973	0.86089	0.19305	-0.44268	-0.26838	0.78999	-0.22064	0.31579	False
236	MGE_236	MGE interneuron	True	4303	13448	0.015113	0.0086884	0.040989	0.15695	0.24252	1.7393	0.67065	0.084488	0.69198	0.84708	0.78947	False
237	Splat_237	Splatter	True	2234	13448	0.0084461	0.0089991	0.17399	0.37307	0.60724	0.93851	0.094059	0.099152	0.63087	-0.0080741	0.57895	False
238	Splat_238	Splatter	True	7651	13448	0.0055569	0.0087018	0.26155	0.46929	0.69267	0.63857	-0.1219	-0.18591	0.48213	0.13277	0.57895	False
239	MGE_239	MGE interneuron	True	6114	13448	0.012129	0.0089033	0.086561	0.2535	0.37975	1.3622	0.39914	0.56236	0.56681	-0.28795	0.36842	False
240	MGE_240	MGE interneuron	True	1327	13448	0.016362	0.0088225	0.031842	0.136	0.18315	1.8544	0.75349	0.51261	0.6053	0.39795	0.52632	False
241	MGE_241	MGE interneuron	True	5583	13448	0.0094001	0.0088805	0.14492	0.3342	0.50374	1.0585	0.18043	0.44308	0.65	-0.40407	0.36842	False
242	MGE_242	MGE interneuron	True	15796	13448	0.010083	0.0089337	0.12955	0.31991	0.47111	1.1285	0.23086	0.041927	0.70923	0.2664	0.63158	False
243	MGE_243	MGE interneuron	True	16126	13448	0.0098911	0.008861	0.13217	0.32238	0.47493	1.1162	0.22199	0.52782	0.59958	-0.51007	0.36842	False
244	MGE_244	MGE interneuron	True	1172	13448	0.012012	0.0088754	0.087975	0.25507	0.3986	1.3533	0.39273	0.13512	0.69263	0.37193	0.73684	False
245	MGE_245	MGE interneuron	True	1566	13448	0.011106	0.0088791	0.10552	0.28955	0.43874	1.2507	0.31884	0.0012027	0.79871	0.39769	0.73684	False
246	MGE_246	MGE interneuron	True	2100	13448	0.0083211	0.0087945	0.17204	0.37061	0.57759	0.94613	0.099545	-0.085627	0.89882	0.20602	0.63158	False
247	MGE_247	MGE interneuron	True	1110	13448	0.0096176	0.0087317	0.13536	0.32501	0.49948	1.1014	0.21134	-0.36079	0.77154	0.74155	0.84211	False
248	MGE_248	MGE interneuron	True	2535	13448	0.012373	0.0087632	0.078998	0.23803	0.37688	1.4118	0.43486	0.1904	0.63715	0.38368	0.57895	False
249	MGE_249	MGE interneuron	True	5821	13448	0.0083355	0.0089795	0.17664	0.377	0.57709	0.92825	0.086665	0.28384	0.95101	-0.20734	0.42105	False
250	MGE_250	MGE interneuron	True	16604	13448	0.010565	0.0089876	0.11991	0.30882	0.44945	1.1754	0.26464	0.52337	0.90095	-0.28717	0.31579	False
251	MGE_251	MGE interneuron	True	16688	13448	0.0074799	0.008909	0.20058	0.40558	0.58836	0.83955	0.022804	0.26564	0.75767	-0.3205	0.26316	False
252	MGE_252	MGE interneuron	True	16079	13448	0.010693	0.0088968	0.11471	0.30492	0.45996	1.2019	0.28367	0.1512	0.61309	0.21606	0.47368	False
253	MGE_253	MGE interneuron	True	5703	13448	0.007532	0.0087648	0.19508	0.40148	0.63067	0.85933	0.037043	0.035101	0.77068	0.0025203	0.52632	False
254	MGE_254	MGE interneuron	True	7539	13448	0.015299	0.0087684	0.040522	0.15695	0.24675	1.7447	0.67449	-0.0093655	0.69287	0.98699	0.89474	False
255	MGE_255	MGE interneuron	True	3341	13448	0.0072371	0.008685	0.20235	0.40735	0.6303	0.83326	0.018272	0.054941	0.61529	-0.059597	0.47368	False
256	MGE_256	MGE interneuron	True	5526	13448	0.0078564	0.0085891	0.18019	0.38078	0.55726	0.91464	0.076869	-0.067721	0.76357	0.18936	0.57895	False
257	MGE_257	MGE interneuron	True	12242	13448	0.01454	0.0086798	0.046966	0.16915	0.25273	1.675	0.62434	0.29355	0.5766	0.57369	0.68421	False
258	MGE_258	MGE interneuron	True	12943	13448	0.0136	0.0087727	0.060558	0.2023	0.31498	1.5501	0.53441	0.2732	0.60398	0.43248	0.57895	False
259	MGE_259	MGE interneuron	True	17841	13448	0.017633	0.0087967	0.02252	0.10594	0.15025	2.0043	0.86142	0.64094	0.42322	0.52096	0.68421	False
260	MGE_260	MGE interneuron	True	6212	13448	0.019681	0.0088187	0.012825	0.075582	0.095795	2.2315	1.025	0.68389	0.43032	0.7927	0.73684	False
261	MGE_261	MGE interneuron	True	21457	13448	0.023933	0.0087236	0.0030445	0.038987	0.027509	2.7429	1.3933	0.65864	0.55574	1.3219	0.94737	False
262	MGE_262	MGE interneuron	True	10119	13448	0.02313	0.0088088	0.0043284	0.043378	0.037447	2.6253	1.3086	0.66594	0.55243	1.1633	0.89474	False
263	MGE_263	MGE interneuron	True	6587	13448	0.024799	0.0087424	0.0022837	0.036303	0.0197	2.8361	1.4603	0.63823	0.7062	1.1641	0.94737	False
264	LLC_264	LAMP5-LHX6 and Chandelier	True	6669	13448	0.016207	0.0087403	0.031861	0.136	0.17594	1.8541	0.7533	0.28008	0.58897	0.80347	0.78947	False
265	LLC_265	LAMP5-LHX6 and Chandelier	True	4251	13448	0.013053	0.008818	0.069419	0.22103	0.31898	1.4801	0.48403	0.41209	0.71399	0.10076	0.57895	False
266	LLC_266	LAMP5-LHX6 and Chandelier	True	3566	13448	0.014607	0.008833	0.049113	0.17416	0.25258	1.6535	0.60887	0.33912	0.69718	0.3869	0.68421	False
267	LLC_267	LAMP5-LHX6 and Chandelier	True	1018	13448	0.0028497	0.0089094	0.37454	0.58235	0.79595	0.31985	-0.35138	0.13864	0.67535	-0.72559	0.21053	False
268	LLC_268	LAMP5-LHX6 and Chandelier	True	3843	13448	0.00788	0.0089335	0.18888	0.39046	0.59131	0.88203	0.05339	-0.026534	0.51726	0.15451	0.57895	False
269	LLC_269	LAMP5-LHX6 and Chandelier	True	3214	13448	0.01554	0.0090084	0.042273	0.15716	0.22766	1.7249	0.66026	0.37619	0.62838	0.45208	0.63158	False
270	LLC_270	LAMP5-LHX6 and Chandelier	True	4751	13448	0.0089305	0.008916	0.15827	0.35153	0.5309	1.0016	0.13948	0.38498	0.52236	-0.47	0.26316	False
271	LLC_271	LAMP5-LHX6 and Chandelier	True	4045	13448	0.008227	0.0089312	0.17849	0.37919	0.57276	0.92113	0.081545	0.41266	0.45545	-0.72701	0.26316	False
272	LLC_272	LAMP5-LHX6 and Chandelier	True	1960	13448	0.0094104	0.0088928	0.14499	0.3342	0.49476	1.0582	0.18021	0.35365	0.48946	-0.35436	0.26316	False
273	LLC_273	LAMP5-LHX6 and Chandelier	True	3254	13448	0.0075462	0.0089884	0.20059	0.40558	0.60564	0.83952	0.022778	0.38341	0.54578	-0.66076	0.26316	False
274	LLC_274	LAMP5-LHX6 and Chandelier	True	6373	13448	0.0063967	0.0088584	0.23512	0.44789	0.64416	0.72209	-0.06177	0.26953	0.50248	-0.65933	0.26316	False
275	LLC_275	LAMP5-LHX6 and Chandelier	True	2174	13448	0.010815	0.0088629	0.11119	0.30152	0.41428	1.2202	0.29689	0.31389	0.5465	-0.03111	0.52632	False
276	CGE_276	CGE interneuron	True	2080	13448	0.010665	0.0087758	0.11214	0.30232	0.46722	1.2152	0.29329	-0.25324	0.65694	0.83194	0.89474	False
277	CGE_277	CGE interneuron	True	1650	13448	0.01511	0.0087523	0.042149	0.15716	0.24737	1.7263	0.66125	0.57125	0.89115	0.101	0.42105	False
278	CGE_278	CGE interneuron	True	7177	13448	0.0089392	0.0087566	0.15367	0.34389	0.5039	1.0208	0.15332	0.12067	0.92495	0.035298	0.42105	False
279	CGE_279	CGE interneuron	True	7444	13448	0.012542	0.0087991	0.077045	0.23367	0.34188	1.4252	0.4445	0.046747	0.81217	0.48974	0.68421	False
280	CGE_280	CGE interneuron	True	5106	13448	0.011146	0.0087142	0.10045	0.28236	0.38376	1.279	0.33921	0.15887	0.84141	0.21433	0.47368	False
281	CGE_281	CGE interneuron	True	2234	13448	0.013328	0.0087857	0.06464	0.21134	0.28695	1.5169	0.51054	0.2812	0.71781	0.31949	0.63158	False
282	CGE_282	CGE interneuron	True	10065	13448	0.012513	0.0087563	0.076515	0.2336	0.30687	1.4289	0.44715	0.3423	0.92315	0.11358	0.63158	False
283	CGE_283	CGE interneuron	True	10636	13448	0.012497	0.008651	0.074298	0.22953	0.3407	1.4445	0.45838	0.27467	0.94909	0.19357	0.63158	False
284	CGE_284	CGE interneuron	True	9109	13448	0.0099981	0.0086233	0.12315	0.31366	0.4687	1.1594	0.25309	0.1146	1.1607	0.11932	0.57895	False
285	CGE_285	CGE interneuron	True	4688	13448	0.011817	0.0086487	0.085931	0.2535	0.39027	1.3662	0.40203	-0.31414	0.80817	0.88616	0.89474	False
286	CGE_286	CGE interneuron	True	15597	13448	0.015032	0.0088061	0.043924	0.16071	0.22923	1.7069	0.64727	0.44462	0.89894	0.22544	0.52632	False
287	CGE_287	CGE interneuron	True	18571	13448	0.016299	0.0089177	0.033811	0.14042	0.18191	1.8275	0.73415	0.69744	0.53592	0.068498	0.47368	False
288	CGE_288	CGE interneuron	True	24831	13448	0.017601	0.0088508	0.023385	0.1078	0.13467	1.9884	0.84997	0.56839	0.57486	0.48981	0.57895	False
289	CGE_289	CGE interneuron	True	14326	13448	0.0056483	0.0085983	0.25563	0.46681	0.67175	0.65688	-0.10872	0.078086	0.99264	-0.1882	0.42105	False
290	CGE_290	CGE interneuron	True	20794	13448	0.0069144	0.0085583	0.20958	0.41825	0.59701	0.80788	0	-0.060504	0.97431	0.062099	0.47368	False
291	CGE_291	CGE interneuron	True	12240	13448	0.0090659	0.0085955	0.14578	0.33435	0.51695	1.0547	0.17772	-0.18443	0.80321	0.45087	0.68421	False
292	CGE_292	CGE interneuron	True	12439	13448	0.0085627	0.0085609	0.15861	0.35153	0.51536	1.0002	0.13846	-0.251	0.89471	0.4353	0.63158	False
293	CGE_293	CGE interneuron	True	20104	13448	0.0078085	0.0086583	0.18358	0.38468	0.56055	0.90181	0.067628	-0.1371	1.0276	0.19922	0.47368	False
294	CGE_294	CGE interneuron	True	14134	13448	0.0052081	0.0086722	0.27408	0.48309	0.70245	0.60052	-0.1493	-0.15363	0.96701	0.0044817	0.36842	False
295	CGE_295	CGE interneuron	True	4922	13448	0.0072338	0.0086023	0.20021	0.40558	0.57699	0.84087	0.023755	-0.091162	0.97139	0.1183	0.52632	False
296	CGE_296	CGE interneuron	True	9524	13448	0.0094359	0.0086166	0.13675	0.32664	0.47881	1.095	0.20676	0.20487	1.0701	0.0017638	0.42105	False
297	URL_297	Upper rhombic lip	True	34	13448	0.011733	0.0088742	0.093074	0.26486	0.14511	1.3221	0.37022	-0.090243	1.0079	0.45687	0.68421	False
298	CBI_298	Cerebellar inhibitory	True	318	13448	0.00017138	0.0085258	0.49198	0.68383	0.85658	0.020105	-0.56721	-0.35439	1.135	-0.1875	0.52632	False
299	CBI_299	Cerebellar inhibitory	True	560	13448	-0.0046228	0.0085018	0.70669	0.8484	0.94574	-0.54374	-0.97318	-0.41316	1.1416	-0.49057	0.26316	False
300	CBI_300	Cerebellar inhibitory	True	1194	13448	0.0010307	0.0085719	0.45215	0.655	0.78803	0.12023	-0.49511	-0.33712	1.0776	-0.14661	0.52632	False
301	CBI_301	Cerebellar inhibitory	True	136	13448	0.0050382	0.0084984	0.27665	0.48309	0.62567	0.59282	-0.15484	-0.098105	0.96391	-0.058862	0.52632	False
302	CBI_302	Cerebellar inhibitory	True	248	13448	0.016051	0.0086844	0.032296	0.13659	0.16069	1.8481	0.74895	-0.039722	0.85018	0.92765	0.84211	False
303	CBI_303	Cerebellar inhibitory	True	1439	13448	0.0082844	0.008711	0.1708	0.36967	0.43184	0.95101	0.10305	0.61884	1.1176	-0.4615	0.36842	False
304	CBI_304	Cerebellar inhibitory	True	719	13448	0.0096447	0.0087443	0.13503	0.32501	0.38866	1.1029	0.21244	0.68858	0.90894	-0.52384	0.31579	False
305	CBI_305	Cerebellar inhibitory	True	191	13448	0.011013	0.0087986	0.10535	0.28955	0.30169	1.2516	0.31951	0.65859	1.0671	-0.31776	0.47368	False
306	CBI_306	Cerebellar inhibitory	True	6586	13448	0.0092955	0.0087415	0.14382	0.3342	0.40325	1.0633	0.18391	0.65868	1.0231	-0.46405	0.31579	False
307	CBI_307	Cerebellar inhibitory	True	3020	13448	0.0058459	0.0087105	0.25108	0.46673	0.57083	0.6711	-0.098486	0.36834	1.1918	-0.3917	0.47368	False
308	URL_308	Upper rhombic lip	True	920	13448	0.009842	0.0086542	0.12773	0.31991	0.34468	1.1372	0.2371	0.23908	1.0277	-0.0019268	0.42105	False
309	URL_309	Upper rhombic lip	True	373	13448	0.00016107	0.0085959	0.49253	0.68383	0.81914	0.018726	-0.5682	-0.45284	0.75101	-0.1536	0.42105	False
310	URL_310	Upper rhombic lip	True	33405	13448	-0.01152	0.0087081	0.90706	0.95304	0.98455	-1.3229	-1.5342	0.41367	1.1506	-1.6928	0.052632	False
311	URL_311	Upper rhombic lip	True	97038	13448	-0.0076215	0.0087309	0.80864	0.90262	0.94678	-0.8729	-1.2102	0.60405	1.1984	-1.5139	0.052632	False
312	URL_312	Upper rhombic lip	True	5392	13448	-0.0097947	0.0086938	0.87004	0.94152	0.96458	-1.1266	-1.3928	0.36226	1.2655	-1.3868	0.10526	False
313	Splat_313	Splatter	True	449	13448	-0.0043388	0.0087963	0.68908	0.83674	0.88953	-0.49324	-0.93682	0.36464	1.2672	-1.027	0.052632	False
314	Misc_314	Miscellaneous	False	42	13448	0.0012664	0.0085592	0.44119	0.64692	0.67701	0.14795	-0.47515	-0.1896	1.0671	-0.2676	0.36842	False
315	LRL_315	Lower rhombic lip	True	267	13448	0.0036186	0.0084861	0.3349	0.54554	0.74651	0.42642	-0.27465	-0.52481	0.99961	0.25026	0.78947	False
316	LRL_316	Lower rhombic lip	True	1939	13448	0.0050197	0.0084111	0.27533	0.48309	0.67445	0.59677	-0.152	-0.5108	1.2046	0.29785	0.68421	False
317	LRL_317	Lower rhombic lip	True	4858	13448	0.0042505	0.0084893	0.3083	0.52252	0.7071	0.50067	-0.22119	-0.37816	1.2204	0.12862	0.63158	False
318	LRL_318	Lower rhombic lip	True	7999	13448	0.0030509	0.0084039	0.35829	0.56602	0.7675	0.36303	-0.32029	-0.47256	1.1848	0.12852	0.57895	False
319	LRL_319	Lower rhombic lip	True	8164	13448	0.0090348	0.008444	0.14233	0.3342	0.48183	1.0699	0.18866	-0.39001	1.0949	0.52853	0.73684	False
320	LRL_320	Lower rhombic lip	True	27800	13448	0.0051368	0.0084492	0.27161	0.48309	0.67994	0.60795	-0.14395	-0.47701	1.1653	0.28583	0.68421	False
321	LRL_321	Lower rhombic lip	True	1119	13448	0.0082469	0.0084787	0.16537	0.36131	0.53557	0.97262	0.11862	-0.50634	1.0324	0.60535	0.78947	False
322	LRL_322	Lower rhombic lip	True	504	13448	0.014617	0.0085567	0.043808	0.16071	0.21105	1.7081	0.64817	-0.35188	1.0357	0.96562	0.84211	False
323	Mmb_323	Mammillary body	True	654	13448	-0.00062806	0.0085879	0.52915	0.71748	0.89819	-0.073133	-0.63434	-0.054302	0.74608	-0.77744	0.31579	False
324	Mmb_324	Mammillary body	True	3071	13448	-0.00045337	0.0085834	0.52106	0.71643	0.88014	-0.052814	-0.61971	-0.20356	0.75081	-0.55426	0.42105	False
325	Mmb_325	Mammillary body	True	2155	13448	0.00071984	0.0085538	0.46647	0.67201	0.84879	0.084146	-0.52109	-0.2234	0.69867	-0.42609	0.31579	False
326	Mmb_326	Mammillary body	True	1553	13448	0.0023495	0.0087835	0.39455	0.59831	0.80115	0.26748	-0.38909	-0.23605	0.79217	-0.1932	0.36842	False
327	Mmb_327	Mammillary body	True	1581	13448	0.0006739	0.008913	0.46987	0.6727	0.84106	0.075597	-0.52725	-0.14075	0.76004	-0.50852	0.36842	False
328	Mmb_328	Mammillary body	True	2346	13448	0.0071139	0.0089351	0.21297	0.42137	0.56689	0.79616	-0.0084393	0.3442	0.79669	-0.44262	0.26316	False
329	Mmb_329	Mammillary body	True	1487	13448	0.0036372	0.008831	0.34022	0.55032	0.74728	0.41186	-0.28514	0.42102	0.8578	-0.82321	0.26316	False
330	Mmb_330	Mammillary body	True	1808	13448	-0.0014297	0.0086664	0.56551	0.73267	0.91588	-0.16495	-0.70045	-0.22114	0.8423	-0.56905	0.31579	False
331	Mmb_331	Mammillary body	True	175	13448	-0.010149	0.0086964	0.87839	0.94208	0.99448	-1.167	-1.4219	-0.35055	1.0066	-1.0644	0.10526	False
332	Mmb_332	Mammillary body	True	1061	13448	-0.0040183	0.0088642	0.67484	0.8296	0.95837	-0.45332	-0.90807	-0.0019678	0.99376	-0.91179	0.10526	False
333	Mmb_333	Mammillary body	True	711	13448	0.0036526	0.008655	0.33651	0.54624	0.77819	0.42201	-0.27783	-0.32445	0.95026	0.049056	0.68421	False
334	Splat_334	Splatter	True	1998	13448	0.0039282	0.0085755	0.32345	0.5383	0.67079	0.45807	-0.25186	0.17504	0.58802	-0.72601	0.21053	False
335	Splat_335	Splatter	True	993	13448	0.0001205	0.0085664	0.49439	0.68383	0.85038	0.014063	-0.57156	-0.76514	0.7954	0.24339	0.68421	False
336	Splat_336	Splatter	True	1263	13448	-0.0040508	0.008376	0.68567	0.83674	0.95855	-0.48361	-0.92989	-0.86648	0.81513	-0.077792	0.57895	False
337	Splat_337	Splatter	True	193	13448	0.01829	0.0083283	0.01405	0.078037	0.090531	2.1959	0.99938	-0.38135	0.79993	1.7261	0.94737	False
338	Splat_338	Splatter	True	350	13448	0.00039661	0.0083837	0.48113	0.67829	0.82091	0.047318	-0.54761	-0.52408	0.92279	-0.025497	0.47368	False
339	Splat_339	Splatter	True	489	13448	0.0055182	0.0084227	0.25619	0.46681	0.67617	0.65514	-0.10998	-0.95035	1.0164	0.82681	0.84211	False
340	Splat_340	Splatter	True	547	13448	9.6602e-05	0.0084548	0.49544	0.68383	0.91979	0.01143	-0.57345	-0.52938	0.8423	-0.052322	0.47368	False
341	Splat_341	Splatter	True	342	13448	-0.0069664	0.0084801	0.79431	0.89311	0.97084	-0.82147	-1.1731	-0.84588	1.2401	-0.26391	0.42105	False
342	Splat_342	Splatter	True	868	13448	0.0054636	0.0084272	0.25839	0.46897	0.61093	0.64832	-0.11489	-0.48749	1.2675	0.29396	0.73684	False
343	Splat_343	Splatter	True	2797	13448	-0.00067687	0.008536	0.5316	0.71867	0.90491	-0.079292	-0.63877	-0.70341	0.81412	0.079399	0.42105	False
344	Splat_344	Splatter	True	3736	13448	-0.005997	0.0084833	0.76018	0.87193	0.98385	-0.70688	-1.0906	-0.54017	0.85206	-0.64605	0.15789	False
345	Splat_345	Splatter	True	2720	13448	-0.0051685	0.0084753	0.72901	0.86173	0.9746	-0.60982	-1.0208	-0.64311	0.85579	-0.44129	0.26316	False
346	Splat_346	Splatter	True	635	13448	0.0041845	0.0086684	0.31465	0.52939	0.73946	0.48271	-0.23412	-0.70317	0.83711	0.56032	0.68421	False
347	Splat_347	Splatter	True	2434	13448	-0.0014757	0.0085153	0.56879	0.73267	0.93144	-0.17329	-0.70645	-0.68441	1.0168	-0.021676	0.42105	False
348	Splat_348	Splatter	True	1861	13448	-0.002003	0.0085529	0.59258	0.75049	0.94577	-0.23419	-0.7503	-0.42331	0.7843	-0.41691	0.26316	False
349	Splat_349	Splatter	True	1557	13448	-0.0059005	0.0084808	0.7567	0.87193	0.98671	-0.69573	-1.0826	-0.38954	0.67803	-1.0222	0.15789	False
350	Splat_350	Splatter	True	3486	13448	-0.0052712	0.0084629	0.73331	0.86192	0.97469	-0.62285	-1.0301	-0.48731	0.77052	-0.7045	0.15789	False
351	Splat_351	Splatter	True	559	13448	-0.0025708	0.0084156	0.62	0.7788	0.95298	-0.30548	-0.80163	-1.0489	0.76811	0.32198	0.63158	False
352	Splat_352	Splatter	True	862	13448	-0.00093333	0.0084894	0.54377	0.72872	0.89982	-0.10994	-0.66084	-0.40414	0.64619	-0.39725	0.31579	False
353	Splat_353	Splatter	True	852	13448	0.0012252	0.0084028	0.44204	0.64692	0.8774	0.1458	-0.4767	-0.59635	0.678	0.17647	0.68421	False
354	Splat_354	Splatter	True	1441	13448	0.00536	0.0083963	0.26162	0.46929	0.76344	0.63836	-0.12206	-0.55164	0.81395	0.52777	0.73684	False
355	Splat_355	Splatter	True	4371	13448	0.00099047	0.0084315	0.45324	0.655	0.91636	0.11748	-0.49709	-0.51798	0.79125	0.026395	0.57895	False
356	Splat_356	Splatter	True	6063	13448	-0.0017164	0.0083998	0.58095	0.74188	0.9563	-0.20432	-0.7288	-0.80589	0.87235	0.088373	0.52632	False
357	Splat_357	Splatter	True	2674	13448	-0.0064767	0.0083832	0.78011	0.88361	0.99235	-0.77256	-1.1379	-0.69931	0.74325	-0.59014	0.26316	False
358	Splat_358	Splatter	True	3175	13448	-0.010412	0.0084147	0.89201	0.95189	0.99852	-1.2373	-1.4725	-0.65134	0.71586	-1.1471	0.10526	False
359	Splat_359	Splatter	True	6660	13448	-0.0093577	0.0083489	0.86881	0.94152	0.99739	-1.1208	-1.3887	-0.57358	0.68324	-1.193	0.10526	False
360	Splat_360	Splatter	True	1215	13448	-0.0093121	0.0084992	0.86337	0.94152	0.99551	-1.0956	-1.3705	-0.45691	0.59714	-1.53	0.052632	False
361	Splat_361	Splatter	True	1067	13448	-0.0010476	0.0084825	0.54915	0.73053	0.94087	-0.12351	-0.67061	-0.65479	0.70898	-0.022321	0.47368	False
362	Splat_362	Splatter	True	2288	13448	0.0027218	0.0083228	0.37183	0.58235	0.84331	0.32701	-0.34623	-0.78813	0.76662	0.57643	0.78947	False
363	Splat_363	Splatter	True	1482	13448	-0.0096973	0.0086537	0.86876	0.94152	0.99294	-1.1205	-1.3885	-0.39796	0.67259	-1.4727	0.10526	False
364	Splat_364	Splatter	True	7200	13448	0.0037785	0.0084025	0.32647	0.54077	0.82805	0.44968	-0.25791	-0.12998	0.91315	-0.14009	0.36842	False
365	Splat_365	Splatter	True	28081	13448	-0.0052429	0.0083569	0.73478	0.86192	0.99121	-0.62733	-1.0334	-0.72122	0.71391	-0.43724	0.31579	False
366	Splat_366	Splatter	True	11033	13448	-0.0031378	0.0084018	0.64559	0.8022	0.97646	-0.37344	-0.85056	-0.87776	0.86422	0.031475	0.42105	False
367	Splat_367	Splatter	True	4065	13448	-0.0043802	0.0084738	0.69738	0.8416	0.98504	-0.51688	-0.95384	-0.67407	0.82076	-0.34087	0.31579	False
368	Splat_368	Splatter	True	10857	13448	-0.0077899	0.0084126	0.82276	0.91396	0.99596	-0.92593	-1.2484	-0.77279	0.7706	-0.61714	0.26316	False
369	Splat_369	Splatter	True	2975	13448	-0.0050899	0.0084023	0.72766	0.86173	0.98772	-0.60575	-1.0178	-0.74857	0.74748	-0.36021	0.42105	False
370	Splat_370	Splatter	True	3622	13448	-0.0045414	0.0083987	0.70565	0.8484	0.98172	-0.54072	-0.971	-0.64186	0.74195	-0.44362	0.21053	False
371	Splat_371	Splatter	True	398	13448	-0.0059296	0.008547	0.75608	0.87193	0.97142	-0.69375	-1.0812	-0.15402	0.51466	-1.8015	0	False
372	Thex_372	Thalamic excitatory	True	2593	13448	0.0025484	0.0085051	0.38223	0.58541	0.86936	0.29963	-0.36594	-0.79814	0.8362	0.51685	0.68421	False
373	Splat_373	Splatter	True	3543	13448	0.00065542	0.0084693	0.46916	0.6727	0.91756	0.077382	-0.52597	-0.7678	0.80782	0.29937	0.63158	False
374	Splat_374	Splatter	True	1666	13448	-0.0017954	0.0084489	0.58414	0.74389	0.95372	-0.2125	-0.73468	-0.55034	0.82624	-0.22311	0.42105	False
375	Splat_375	Splatter	True	2762	13448	0.0040106	0.0085216	0.31895	0.53468	0.7798	0.47064	-0.24282	-0.15464	0.57547	-0.15322	0.42105	False
376	Splat_376	Splatter	True	2573	13448	0.0041881	0.0085208	0.31154	0.52608	0.83012	0.49149	-0.2278	-0.44468	1.4441	0.15018	0.42105	False
377	Splat_377	Splatter	True	1964	13448	0.0026106	0.008552	0.38009	0.58541	0.83906	0.30524	-0.3619	-0.016851	1.1679	-0.29546	0.42105	False
378	Splat_378	Splatter	True	493	13448	0.0060855	0.0085172	0.23747	0.45051	0.67946	0.71446	-0.06726	0.11709	0.99742	-0.18483	0.47368	False
379	Splat_379	Splatter	True	120	13448	0.0015601	0.0085456	0.42757	0.63379	0.82894	0.18256	-0.45023	-0.85337	0.72505	0.55602	0.68421	False
380	Splat_380	Splatter	True	4748	13448	-0.0062759	0.0083568	0.77366	0.87847	0.99117	-0.75095	-1.1224	-0.67403	0.74698	-0.60021	0.26316	False
381	Splat_381	Splatter	True	1544	13448	0.0017759	0.0085019	0.41727	0.62455	0.8661	0.20888	-0.43128	-0.54522	0.90188	0.12633	0.47368	False
382	Splat_382	Splatter	True	713	13448	0.004788	0.0086027	0.28892	0.49885	0.78402	0.55654	-0.18096	-0.45557	0.76886	0.35715	0.63158	False
383	Splat_383	Splatter	True	4024	13448	0.0030706	0.0084725	0.35852	0.56602	0.85158	0.36242	-0.32074	-0.40992	1.1613	0.076798	0.52632	False
384	Splat_384	Splatter	True	3100	13448	0.00024528	0.0083468	0.48828	0.68383	0.92356	0.029382	-0.56053	-0.34287	0.90593	-0.24026	0.47368	False
385	Splat_385	Splatter	True	1800	13448	0.01367	0.0086862	0.057791	0.19589	0.30617	1.5736	0.55132	-0.14252	0.97889	0.70881	0.78947	False
386	Splat_386	Splatter	True	167	13448	0.0052476	0.0086922	0.27302	0.48309	0.64428	0.6037	-0.14701	0.15213	0.69102	-0.43289	0.21053	False
387	Splat_387	Splatter	True	1804	13448	-0.0014939	0.0085854	0.56907	0.73267	0.94657	-0.17401	-0.70697	-0.83205	0.93548	0.13371	0.47368	False
388	Splat_388	Splatter	True	197	13448	-0.0060416	0.0085404	0.76034	0.87193	0.97824	-0.7074	-1.091	-0.52945	0.9002	-0.62382	0.26316	False
389	Splat_389	Splatter	True	759	13448	0.0038053	0.0085046	0.32728	0.54077	0.81654	0.44744	-0.25952	-0.66472	0.83895	0.48299	0.63158	False
390	Splat_390	Splatter	True	3366	13448	0.0022211	0.0084698	0.39657	0.59941	0.87571	0.26224	-0.39287	-0.52122	0.76002	0.16888	0.57895	False
391	Splat_391	Splatter	True	827	13448	0.00041247	0.0084577	0.48055	0.67829	0.90305	0.048773	-0.54656	-0.22755	0.91098	-0.35019	0.26316	False
392	Splat_392	Splatter	True	2659	13448	0.0067322	0.0085171	0.21465	0.42288	0.70344	0.79039	-0.012592	-0.51292	0.99382	0.50344	0.63158	False
393	Splat_393	Splatter	True	2754	13448	0.0045448	0.0086235	0.29909	0.51257	0.75647	0.52702	-0.20222	-0.30261	0.86714	0.11577	0.52632	False
394	Splat_394	Splatter	True	1791	13448	0.0036477	0.0084342	0.3327	0.54388	0.82724	0.43247	-0.2703	-0.5165	0.84857	0.29013	0.63158	False
395	Splat_395	Splatter	True	998	13448	-0.0067408	0.0084776	0.78672	0.88734	0.98229	-0.79509	-1.1542	-0.25759	0.86998	-1.0306	0.10526	False
396	Splat_396	Splatter	True	1608	13448	0.0034017	0.0084926	0.34438	0.55317	0.82732	0.40054	-0.29329	-0.39904	1.0709	0.098745	0.47368	False
397	Splat_397	Splatter	True	1316	13448	-0.0014844	0.0084553	0.56968	0.73267	0.91827	-0.17556	-0.70808	-0.23016	0.60398	-0.79128	0.21053	False
398	Splat_398	Splatter	True	2093	13448	-0.0041736	0.00846	0.68911	0.83674	0.96621	-0.49333	-0.93688	-0.53377	0.7986	-0.50477	0.26316	False
399	Splat_399	Splatter	True	1007	13448	-0.0071153	0.0084931	0.79891	0.89393	0.98165	-0.83773	-1.1849	-0.4939	0.89647	-0.77075	0.15789	False
400	Splat_400	Splatter	True	769	13448	-0.0060273	0.0087283	0.75507	0.87193	0.9747	-0.69053	-1.0789	0.34122	0.72492	-1.959	0	False
401	Misc_401	Miscellaneous	False	2038	13448	0.0011349	0.0083696	0.44607	0.65075	0.75563	0.1356	-0.48405	-0.079871	1.009	-0.40056	0.26316	False
402	Splat_402	Splatter	True	1764	13448	0.028398	0.0084507	0.00039044	0.015784	0.0045836	3.3595	1.8372	0.23624	0.63776	2.5102	1	True
403	Splat_403	Splatter	True	2608	13448	0.015581	0.0087896	0.03816	0.15431	0.16271	1.7724	0.6945	0.53842	0.98267	0.15883	0.47368	False
404	Misc_404	Miscellaneous	False	1276	13448	0.019659	0.0085887	0.01105	0.070751	0.09079	2.2886	1.0662	0.60154	1.1436	0.40629	0.52632	False
405	Amex_405	Amygdala excitatory	True	6125	13448	0.024593	0.0089015	0.0028697	0.03891	0.029973	2.7623	1.4072	0.42584	1.0732	0.91444	0.73684	False
406	Amex_406	Amygdala excitatory	True	4858	13448	0.020901	0.0089206	0.0095748	0.067907	0.081867	2.3426	1.105	0.16138	1.0025	0.94125	0.84211	False
407	Amex_407	Amygdala excitatory	True	2370	13448	0.013888	0.0087118	0.055459	0.19103	0.33135	1.5941	0.56607	-0.41812	0.80695	1.2197	0.89474	False
408	Amex_408	Amygdala excitatory	True	45	13448	-0.0013551	0.0086939	0.56193	0.73267	0.80862	-0.15586	-0.6939	-0.30959	0.99595	-0.38588	0.26316	False
409	Splat_409	Splatter	True	6395	13448	-0.0050437	0.0085535	0.72229	0.85818	0.96265	-0.58966	-1.0062	-0.23406	0.98353	-0.78511	0.21053	False
410	Splat_410	Splatter	True	2511	13448	0.0060573	0.0085589	0.23957	0.4515	0.61171	0.70769	-0.07214	0.012329	1.0527	-0.08024	0.42105	False
411	Splat_411	Splatter	True	1665	13448	0.0046209	0.0084529	0.29231	0.50282	0.66954	0.54665	-0.18809	-0.063174	0.96217	-0.12983	0.26316	False
412	Splat_412	Splatter	True	5062	13448	0.0074491	0.0088222	0.19924	0.40558	0.58901	0.84434	0.026251	-0.31712	1.0858	0.31624	0.63158	False
413	Splat_413	Splatter	True	4634	13448	-0.0019575	0.0088274	0.58775	0.74643	0.94072	-0.22176	-0.74135	-0.57652	1.0372	-0.15892	0.36842	False
414	Splat_414	Splatter	True	2915	13448	0.00026449	0.0085873	0.48771	0.68383	0.89699	0.030811	-0.5595	-0.27486	1.1205	-0.25402	0.36842	False
415	Splat_415	Splatter	True	25816	13448	0.0066836	0.0085912	0.2183	0.42642	0.7235	0.77795	-0.021551	0.34828	1.0256	-0.3606	0.21053	False
416	Splat_416	Splatter	True	3344	13448	0.0039879	0.0086117	0.32166	0.53727	0.79115	0.46306	-0.24827	0.44394	1.0409	-0.66501	0.21053	False
417	Splat_417	Splatter	True	3885	13448	0.010001	0.0086614	0.12413	0.31442	0.49711	1.1546	0.24963	0.50053	0.96815	-0.25915	0.36842	False
418	Splat_418	Splatter	True	5390	13448	0.010896	0.0085911	0.10237	0.28602	0.44705	1.2682	0.33141	0.1275	1.0219	0.19954	0.52632	False
419	Amex_419	Amygdala excitatory	True	2170	13448	0.017651	0.0086864	0.02109	0.10343	0.16636	2.0317	0.88119	-0.48535	1.0424	1.3109	0.89474	False
420	Splat_420	Splatter	True	922	13448	0.011523	0.0086277	0.090851	0.26176	0.43777	1.3355	0.37992	-0.36667	1.2227	0.6106	0.68421	False
421	Splat_421	Splatter	True	1417	13448	0.014593	0.0086543	0.045894	0.16659	0.29156	1.686	0.63228	-0.11038	0.91996	0.80727	0.78947	False
422	Splat_422	Splatter	True	2976	13448	0.004487	0.0086058	0.30105	0.51401	0.79934	0.52138	-0.20628	-0.073223	1.0323	-0.1289	0.42105	False
423	Splat_423	Splatter	True	3114	13448	0.01563	0.0087713	0.037388	0.15253	0.27756	1.7818	0.70126	-0.41839	1.1431	0.97948	0.78947	False
424	Splat_424	Splatter	True	2384	13448	0.0029324	0.0086835	0.3678	0.57869	0.86531	0.33769	-0.33854	-0.34418	0.95284	0.0059171	0.47368	False
425	Splat_425	Splatter	True	4253	13448	0.011401	0.008622	0.093047	0.26486	0.43968	1.3222	0.37033	-0.22132	0.94205	0.62805	0.78947	False
426	EMSN_426	Eccentric medium spiny neuron	True	1600	13448	0.028166	0.0089157	0.00079326	0.021511	0.010587	3.1584	1.6924	-0.23948	1.0275	1.8801	1	False
427	MSN_427	Medium spiny neuron	True	3436	13448	0.013012	0.0087719	0.069005	0.22103	0.36454	1.4832	0.48627	-0.25157	1.0282	0.71757	0.68421	False
428	Splat_428	Splatter	True	3182	13448	0.0048938	0.0087862	0.28877	0.49885	0.7624	0.55698	-0.18065	-0.060157	1.4639	-0.082306	0.47368	False
429	Splat_429	Splatter	True	9792	13448	0.0061562	0.0087527	0.24093	0.4515	0.65631	0.70331	-0.075288	-0.097796	1.1345	0.01984	0.47368	False
430	MSN_430	Medium spiny neuron	True	2057	13448	0.026249	0.0088936	0.0015845	0.027766	0.014558	2.9509	1.543	-0.13384	0.72301	2.3192	1	True
431	Splat_431	Splatter	True	2691	13448	0.010456	0.0087294	0.11551	0.30492	0.37528	1.1977	0.2807	-0.68961	1.0564	0.91849	0.78947	False
432	Splat_432	Splatter	True	2555	13448	0.0060844	0.0086221	0.2402	0.4515	0.56738	0.70566	-0.073599	-0.22189	0.68942	0.21509	0.52632	False
433	Midi_433	Midbrain-derived inhibitory	True	1351	13448	-0.0014333	0.0086727	0.56563	0.73267	0.90697	-0.16526	-0.70067	0.033733	0.71306	-1.0299	0.15789	False
434	Midi_434	Midbrain-derived inhibitory	True	8469	13448	0.0010251	0.0086764	0.45298	0.655	0.82214	0.11814	-0.49662	-0.02618	0.64745	-0.72661	0.15789	False
435	Midi_435	Midbrain-derived inhibitory	True	7340	13448	-0.00091513	0.0088305	0.54127	0.72779	0.87301	-0.10363	-0.6563	0.062075	0.57224	-1.2554	0	False
436	Midi_436	Midbrain-derived inhibitory	True	13890	13448	-0.0010453	0.0087695	0.54744	0.73053	0.88038	-0.1192	-0.6675	-0.091399	0.68075	-0.84627	0.15789	False
437	Midi_437	Midbrain-derived inhibitory	True	6147	13448	0.00044663	0.0088996	0.47999	0.67829	0.84851	0.050179	-0.54555	0.21588	0.57546	-1.3232	0.052632	False
438	Midi_438	Midbrain-derived inhibitory	True	11928	13448	-0.0011396	0.0088101	0.55146	0.73053	0.89273	-0.12935	-0.67481	0.16082	0.53265	-1.5688	0	False
439	Midi_439	Midbrain-derived inhibitory	True	21004	13448	-0.0015275	0.0088294	0.56867	0.73267	0.90269	-0.17299	-0.70623	0.21946	0.65469	-1.4139	0.052632	False
440	Midi_440	Midbrain-derived inhibitory	True	7366	13448	-0.0015065	0.0088896	0.56728	0.73267	0.90372	-0.16945	-0.70369	0.14385	0.62839	-1.3487	0	False
441	Midi_441	Midbrain-derived inhibitory	True	22931	13448	-0.0015755	0.0088663	0.57052	0.73267	0.90353	-0.1777	-0.70962	-0.00016338	0.60455	-1.1735	0.10526	False
442	Midi_442	Midbrain-derived inhibitory	True	7951	13448	-0.00064101	0.0087619	0.52916	0.71748	0.87426	-0.073158	-0.63436	-0.1392	0.70194	-0.70541	0.26316	False
443	Midi_443	Midbrain-derived inhibitory	True	14414	13448	-0.00055366	0.0087947	0.5251	0.71748	0.86277	-0.062958	-0.62701	0.0034675	0.69792	-0.90337	0.10526	False
444	Midi_444	Midbrain-derived inhibitory	True	3991	13448	-0.0015949	0.0088139	0.5718	0.73267	0.89311	-0.18096	-0.71197	-0.032982	0.75606	-0.89807	0.15789	False
445	Thex_445	Thalamic excitatory	True	134	13448	-0.0012228	0.0087481	0.55558	0.73267	0.8312	-0.13977	-0.68232	0.047553	1.116	-0.65403	0.36842	False
446	Thex_446	Thalamic excitatory	True	15148	13448	-0.003167	0.0085115	0.64508	0.8022	0.89703	-0.37207	-0.84957	-0.32807	1.2242	-0.426	0.47368	False
447	Thex_447	Thalamic excitatory	True	2924	13448	-0.0023965	0.0085227	0.61072	0.76924	0.89864	-0.2812	-0.78414	-0.25938	0.87406	-0.60038	0.31579	False
448	Thex_448	Thalamic excitatory	True	5500	13448	0.0082015	0.0086068	0.17033	0.36967	0.50368	0.95286	0.10439	0.047072	0.79068	0.07249	0.68421	False
449	Thex_449	Thalamic excitatory	True	3539	13448	0.0026021	0.008609	0.38123	0.58541	0.76585	0.30225	-0.36406	0.038846	0.6542	-0.61587	0.31579	False
450	Thex_450	Thalamic excitatory	True	3092	13448	0.00011222	0.0085775	0.49478	0.68383	0.84527	0.013085	-0.57226	0.17688	0.53805	-1.3923	0.052632	False
451	Thex_451	Thalamic excitatory	True	9740	13448	0.0033978	0.0086649	0.34748	0.55621	0.73528	0.39213	-0.29934	0.21046	0.46477	-1.0969	0.21053	False
452	Thex_452	Thalamic excitatory	True	5044	13448	-0.0028565	0.0084481	0.63236	0.79217	0.9152	-0.33811	-0.82512	-0.34254	0.75463	-0.6395	0.26316	False
453	Thex_453	Thalamic excitatory	True	5556	13448	0.0024803	0.0086042	0.38658	0.58987	0.78194	0.28824	-0.37414	-0.18871	0.61921	-0.29947	0.36842	False
454	Thex_454	Thalamic excitatory	True	11893	13448	-0.00089295	0.0085673	0.5415	0.72779	0.87868	-0.10421	-0.65672	-0.10999	0.54779	-0.99806	0.21053	False
455	Thex_455	Thalamic excitatory	True	474	13448	0.0013814	0.0086194	0.43634	0.64266	0.81658	0.16026	-0.4663	-0.083525	0.89338	-0.42845	0.36842	False
456	Thex_456	Thalamic excitatory	True	509	13448	0.0066409	0.0088147	0.22562	0.43519	0.58731	0.75335	-0.039262	-0.3688	0.67037	0.49157	0.68421	False
457	Thex_457	Thalamic excitatory	True	296	13448	0.012837	0.0087919	0.072153	0.22783	0.28495	1.4599	0.46949	0.235	0.67527	0.34725	0.68421	False
458	Thex_458	Thalamic excitatory	True	7494	13448	0.0051108	0.008614	0.27649	0.48309	0.70444	0.5933	-0.1545	0.077989	0.72663	-0.31995	0.42105	False
459	Thex_459	Thalamic excitatory	True	4507	13448	0.0062595	0.0086514	0.23469	0.44789	0.69273	0.72349	-0.060762	-0.15359	0.91463	0.10149	0.57895	False
460	Thex_460	Thalamic excitatory	True	7103	13448	0.0052133	0.0089151	0.27936	0.48598	0.68143	0.58474	-0.16066	-0.1227	0.96389	-0.039385	0.52632	False
