	spearman_with_mecfs	percentile_among_other_trait_pairs
decodeme_gwas_1	1.0000	1.0000
education_years	0.7824	0.9913
schizophrenia	0.7653	0.9827
bmi	0.5965	0.9394
neuroticism	0.5855	0.9307
autism	0.5827	0.9221
adhd	0.5745	0.9177
depression_broad	0.5023	0.8745
insomnia	0.4967	0.8658
als	0.3312	0.7316
anxiety	0.2980	0.6883
chronotype	0.2768	0.6667
parkinson	0.2286	0.6147
mecfs_ukb_donertas	0.2112	0.5974
alzheimer	0.1909	0.5714
ibs	0.1790	0.5584
crp	0.0962	0.4416
ibd	0.0054	0.3723
epilepsy	-0.1020	0.2468
rheumatoid_arthritis	-0.2541	0.0996
migraine	-0.3036	0.0779
height	-0.3401	0.0606
