VARIABLE	NGENES	BETA	SE	P	z	fdr	z_std	panel_mean	panel_sd	s	p_gwas2	z_gwas2	supported
subtype_CB-GRAN	13448	-0.013716	0.0087908	0.94063	-1.5601	0.99787	-0.78475	0.46777	1.1202	-1.1181	0.97285	-1.9244	False
subtype_CB-PurkLayerInt	13448	-0.015831	0.0086001	0.96716	-1.8406	0.99787	-0.93299	-0.67335	1.1653	-0.22281	0.95992	-1.7498	False
subtype_DG-GRAN	13448	0.010497	0.0088348	0.1174	1.1881	0.37568	0.6675	-0.74312	1.2243	1.1522	0.069526	1.4793	False
subtype_INT-LAMP5	13448	0.0046845	0.0088893	0.29911	0.52696	0.68368	0.31813	0.63067	0.91429	-0.34183	0.29419	0.54119	False
subtype_INT-LAMP5-LHX6	13448	0.0012225	0.0090688	0.44638	0.13481	0.89276	0.1109	0.18744	0.71134	-0.10759	0.41433	0.21642	False
subtype_INT-PVALB	13448	0.020964	0.008847	0.0089109	2.3693	0.093944	1.2917	0.41701	0.86231	1.0144	0.0092263	2.3564	False
subtype_INT-SST	13448	-0.003387	0.0089524	0.6474	-0.37831	0.94167	-0.16025	0.1947	1.1726	-0.3027	0.68639	-0.48564	False
subtype_INT-VIP	13448	-0.0024744	0.0086846	0.61215	-0.28493	0.94167	-0.1109	-0.26975	1.215	0.13073	0.73381	-0.62438	False
subtype_L5-ET	13448	-0.0025036	0.0087406	0.61272	-0.28642	0.94167	-0.11169	0.12709	0.89164	-0.26779	0.6997	-0.52354	False
subtype_MSN-D1	13448	0.019746	0.0087149	0.011743	2.2654	0.093944	1.2368	-0.15004	0.736	1.8843	0.010458	2.3095	False
subtype_MSN-D2	13448	0.017923	0.0087254	0.019996	2.0538	0.10665	1.125	0.072224	0.75637	1.3919	0.0096921	2.3381	False
transmitter_GABA-glutamate	13448	-0.011815	0.0086573	0.91382	-1.3647	0.99787	-0.68148	-0.39755	0.89981	-0.31555	0.93798	-1.538	False
transmitter_GABAergic	13448	0.0090642	0.0087234	0.1494	1.039	0.3984	0.58872	-0.067908	0.89164	0.73643	0.14791	1.0454	False
transmitter_glutamatergic	13448	0.012534	0.0087211	0.075342	1.4371	0.30137	0.7991	0.33551	1.0299	0.45015	0.03961	1.7552	False
transmitter_glycinergic	13448	-0.024304	0.0084997	0.99787	-2.8582	0.99787	-1.4708	-1.2395	1.1014	-0.20998	0.99854	-2.976	False
transmitter_monoaminergic-ch...	13448	-0.0093463	0.0086707	0.85945	-1.0779	0.99787	-0.52992	-0.20698	0.95771	-0.3372	0.95583	-1.7042	False
