cluster	observed_beta_std	empirical_p
136	0.032693	0.00019996
151	0.031259	0.00019996
153	0.03073	0.00019996
152	0.03001	0.00019996
126	0.030128	0.00019996
121	0.029684	0.00039992
148	0.029741	0.00039992
150	0.028862	0.00019996
175	0.028203	0.00019996
147	0.027763	0.00019996
402	0.026323	0.0011998
120	0.026859	0.00079984
174	0.025762	0.00039992
154	0.026313	0.00079984
124	0.025492	0.0011998
261	0.02538	0.0009998
161	0.025222	0.00079984
146	0.026053	0.00079984
263	0.024912	0.0013997
224	0.02473	0.0017996
