	spearman_with_mecfs
height	-0.3400960099594465
migraine	-0.30358040984420037
rheumatoid_arthritis	-0.2540561685641799
epilepsy	-0.1019897059876805
ibd	0.005388183495266246
crp	0.0961543013480105
ibs	0.17904422903124875
alzheimer	0.19090653042979325
parkinson	0.22862448528637017
chronotype	0.2768339441320788
anxiety	0.29796811665554473
als	0.3311920622313498
insomnia	0.49665496829049166
depression_broad	0.5023480398940036
adhd	0.5744963490176358
autism	0.5827001480437464
neuroticism	0.5854512685533523
bmi	0.5965144324067877
schizophrenia	0.7652673383203742
education_years	0.7824185626960078
