	adhd	als	alzheimer	anxiety	autism	bmi	chronotype	crp	decodeme_gwas_1	depression_broad	education_years	epilepsy	height	ibd	ibs	insomnia	mecfs_ukb_donertas	migraine	neuroticism	parkinson	rheumatoid_arthritis	schizophrenia	ME/CFS
adhd	1.0000	0.5397	0.1216	0.3400	0.4283	0.4559	0.0953	-0.1341	0.5745	0.3495	0.6012	0.0509	-0.5332	-0.0705	0.1642	0.5579	0.4561	-0.2082	0.6048	0.1678	-0.3696	0.5565	0.5745
als	0.5397	1.0000	0.0906	0.3173	0.1668	0.2991	-0.0968	-0.1035	0.3312	0.2150	0.3250	0.3331	-0.4026	0.0157	0.0004	0.2722	0.3914	-0.1206	0.4113	-0.0618	-0.1629	0.4118	0.3312
alzheimer	0.1216	0.0906	1.0000	0.3817	0.2818	0.2451	0.0701	0.5181	0.1909	0.0021	0.1502	-0.0067	0.1867	0.4982	0.2856	-0.0152	-0.0599	0.1028	-0.0359	0.3206	0.1989	0.3123	0.1909
anxiety	0.3400	0.3173	0.3817	1.0000	0.2276	0.3135	-0.0458	0.0867	0.2980	0.1061	0.3053	0.1113	-0.2245	0.1530	-0.0135	0.1906	0.3039	-0.1705	0.2550	0.1133	-0.0695	0.3952	0.2980
autism	0.4283	0.1668	0.2818	0.2276	1.0000	0.4421	0.4354	0.0916	0.5827	0.4652	0.5602	-0.1820	-0.1681	-0.0452	0.2665	0.2599	0.1206	-0.2434	0.4312	0.2191	-0.2124	0.5841	0.5827
bmi	0.4559	0.2991	0.2451	0.3135	0.4421	1.0000	0.3671	0.1790	0.5965	0.4521	0.7719	-0.0304	-0.2024	-0.1571	0.1037	0.4291	0.1928	-0.5340	0.6274	0.1167	-0.1741	0.7182	0.5965
chronotype	0.0953	-0.0968	0.0701	-0.0458	0.4354	0.3671	1.0000	0.1067	0.2768	0.5529	0.2579	-0.1292	0.1475	-0.2402	0.1033	-0.0564	-0.1840	-0.2421	0.3689	0.0696	-0.1328	0.2647	0.2768
crp	-0.1341	-0.1035	0.5181	0.0867	0.0916	0.1790	0.1067	1.0000	0.0962	-0.0959	0.0404	-0.2819	0.6055	0.7055	0.2724	-0.0888	-0.1205	0.3743	-0.2162	0.5467	0.3949	0.0555	0.0962
decodeme_gwas_1	0.5745	0.3312	0.1909	0.2980	0.5827	0.5965	0.2768	0.0962	1.0000	0.5023	0.7824	-0.1020	-0.3401	0.0054	0.1790	0.4967	0.2112	-0.3036	0.5855	0.2286	-0.2541	0.7653	1.0000
depression_broad	0.3495	0.2150	0.0021	0.1061	0.4652	0.4521	0.5529	-0.0959	0.5023	1.0000	0.4592	-0.0075	-0.1960	-0.2966	0.1087	0.1758	0.1412	-0.3186	0.6540	-0.0209	-0.2827	0.5651	0.5023
education_years	0.6012	0.3250	0.1502	0.3053	0.5602	0.7719	0.2579	0.0404	0.7824	0.4592	1.0000	-0.1466	-0.4167	-0.1312	0.0805	0.5894	0.2955	-0.4820	0.7048	0.2029	-0.2431	0.8034	0.7824
epilepsy	0.0509	0.3331	-0.0067	0.1113	-0.1820	-0.0304	-0.1292	-0.2819	-0.1020	-0.0075	-0.1466	1.0000	-0.1382	-0.0567	-0.1594	-0.1520	0.0835	-0.1019	0.0658	-0.3083	-0.1220	-0.0588	-0.1020
height	-0.5332	-0.4026	0.1867	-0.2245	-0.1681	-0.2024	0.1475	0.6055	-0.3401	-0.1960	-0.4167	-0.1382	1.0000	0.4285	0.1399	-0.4715	-0.3432	0.4302	-0.5153	0.2387	0.4284	-0.3486	-0.3401
ibd	-0.0705	0.0157	0.4982	0.1530	-0.0452	-0.1571	-0.2402	0.7055	0.0054	-0.2966	-0.1312	-0.0567	0.4285	1.0000	0.1623	-0.1133	-0.0004	0.5486	-0.3620	0.4634	0.3731	-0.1043	0.0054
ibs	0.1642	0.0004	0.2856	-0.0135	0.2665	0.1037	0.1033	0.2724	0.1790	0.1087	0.0805	-0.1594	0.1399	0.1623	1.0000	-0.0624	0.0497	0.1939	0.0194	0.1318	-0.0147	0.2347	0.1790
insomnia	0.5579	0.2722	-0.0152	0.1906	0.2599	0.4291	-0.0564	-0.0888	0.4967	0.1758	0.5894	-0.1520	-0.4715	-0.1133	-0.0624	1.0000	0.2876	-0.3171	0.4934	0.1728	-0.2626	0.4368	0.4967
mecfs_ukb_donertas	0.4561	0.3914	-0.0599	0.3039	0.1206	0.1928	-0.1840	-0.1205	0.2112	0.1412	0.2955	0.0835	-0.3432	-0.0004	0.0497	0.2876	1.0000	-0.0584	0.3458	-0.0060	-0.2226	0.3119	0.2112
migraine	-0.2082	-0.1206	0.1028	-0.1705	-0.2434	-0.5340	-0.2421	0.3743	-0.3036	-0.3186	-0.4820	-0.1019	0.4302	0.5486	0.1939	-0.3171	-0.0584	1.0000	-0.4883	0.2083	0.2658	-0.4114	-0.3036
neuroticism	0.6048	0.4113	-0.0359	0.2550	0.4312	0.6274	0.3689	-0.2162	0.5855	0.6540	0.7048	0.0658	-0.5153	-0.3620	0.0194	0.4934	0.3458	-0.4883	1.0000	-0.0583	-0.3604	0.6662	0.5855
parkinson	0.1678	-0.0618	0.3206	0.1133	0.2191	0.1167	0.0696	0.5467	0.2286	-0.0209	0.2029	-0.3083	0.2387	0.4634	0.1318	0.1728	-0.0060	0.2083	-0.0583	1.0000	0.0995	0.1190	0.2286
rheumatoid_arthritis	-0.3696	-0.1629	0.1989	-0.0695	-0.2124	-0.1741	-0.1328	0.3949	-0.2541	-0.2827	-0.2431	-0.1220	0.4284	0.3731	-0.0147	-0.2626	-0.2226	0.2658	-0.3604	0.0995	1.0000	-0.2305	-0.2541
schizophrenia	0.5565	0.4118	0.3123	0.3952	0.5841	0.7182	0.2647	0.0555	0.7653	0.5651	0.8034	-0.0588	-0.3486	-0.1043	0.2347	0.4368	0.3119	-0.4114	0.6662	0.1190	-0.2305	1.0000	0.7653
ME/CFS	0.5745	0.3312	0.1909	0.2980	0.5827	0.5965	0.2768	0.0962	1.0000	0.5023	0.7824	-0.1020	-0.3401	0.0054	0.1790	0.4967	0.2112	-0.3036	0.5855	0.2286	-0.2541	0.7653	1.0000
