	mean_z
Paleocortex	1.7213994943891098
Amygdala	1.570297737923886
Cerebral cortex	1.532451114792159
Claustrum	1.4079449733598906
Extended amygdala	1.102799091546675
Hippocampus	0.8800041220157092
Basal nuclei	0.769460914692568
Basal forebrain	0.7662343409136928
Hypothalamus	0.1490221637155967
Perirhinal cortex	-0.04985824294268605
Epithalamus	-0.36620554433345665
Thalamus	-0.47511167304298213
Spinal cord	-0.6518208216205044
Midbrain	-0.7380787988407772
Pons	-0.7589119515252146
Cerebellum	-0.8687730723212701
Medulla	-0.9565715627756267
