cluster	tau	se	z	p_one_sided
c0	2.4124e-08	3.0838e-08	0.78227	0.21703
c1	-1.8387e-08	3.1313e-08	-0.58718	0.72146
c2	-1.2723e-08	2.7551e-08	-0.4618	0.67789
c3	-3.8907e-08	3.1102e-08	-1.2509	0.89452
c4	-5.4072e-08	2.966e-08	-1.8231	0.96585
c5	-5.9559e-08	2.8819e-08	-2.0666	0.98061
c6	-7.4521e-08	2.8415e-08	-2.6226	0.99564
c7	-7.4275e-08	2.5474e-08	-2.9157	0.99823
c8	-4.2327e-08	2.8307e-08	-1.4953	0.93258
c9	-5.5126e-08	2.476e-08	-2.2264	0.98701
c10	-5.4911e-08	2.8524e-08	-1.9251	0.97289
c11	-3.6873e-08	2.8646e-08	-1.2872	0.90099
c12	-6.3161e-08	3.0013e-08	-2.1044	0.98233
c13	-3.2946e-08	2.8489e-08	-1.1565	0.87626
c14	-7.2909e-08	2.7473e-08	-2.6538	0.99602
c15	-8.5285e-08	2.5967e-08	-3.2844	0.99949
c16	-4.1975e-08	2.968e-08	-1.4143	0.92136
c17	-1.0327e-08	2.8869e-08	-0.35772	0.63972
c18	-3.9305e-08	2.9605e-08	-1.3276	0.90785
c19	-7.0792e-08	2.8438e-08	-2.4893	0.9936
c20	-2.0904e-08	2.8097e-08	-0.74401	0.77157
c21	-4.5691e-08	2.8891e-08	-1.5815	0.94312
c22	-2.7632e-08	2.7601e-08	-1.0011	0.84162
c23	-4.8961e-08	2.5454e-08	-1.9235	0.97279
c24	-9.8228e-08	2.4754e-08	-3.9682	0.99996
c25	-1.1702e-07	2.4048e-08	-4.866	1
c26	-9.167e-08	2.4724e-08	-3.7077	0.9999
c27	-9.3409e-08	2.5926e-08	-3.6029	0.99984
c28	-1.0465e-07	2.4106e-08	-4.3412	0.99999
c29	-9.1513e-08	2.3817e-08	-3.8423	0.99994
c30	-9.0284e-08	2.3779e-08	-3.7968	0.99993
c31	-8.1824e-08	2.3217e-08	-3.5243	0.99979
c32	9.6625e-09	2.2268e-08	0.43391	0.33218
c33	1.1232e-08	2.2545e-08	0.4982	0.30917
c34	2.6484e-08	2.2668e-08	1.1683	0.12134
c35	1.4193e-08	2.2748e-08	0.62393	0.26634
c36	-1.6745e-11	2.3597e-08	-0.00070963	0.50028
c37	6.7043e-08	2.4686e-08	2.7158	0.0033055
c38	6.9387e-08	2.7547e-08	2.5189	0.0058869
c39	4.0392e-08	2.6964e-08	1.498	0.067069
c40	3.8253e-08	2.6108e-08	1.4652	0.071435
c41	5.4342e-08	2.6695e-08	2.0357	0.020891
c42	4.2223e-08	2.7944e-08	1.511	0.065392
c43	2.5358e-08	2.6179e-08	0.96862	0.16637
c44	2.5609e-08	2.5498e-08	1.0043	0.15761
c45	3.4272e-08	2.4987e-08	1.3716	0.085094
c46	3.7399e-08	2.5731e-08	1.4535	0.073046
c47	3.387e-08	2.6555e-08	1.2755	0.10107
c48	-3.951e-09	2.5749e-08	-0.15345	0.56098
c49	2.2373e-08	2.5761e-08	0.86849	0.19256
c50	-1.6698e-08	2.3632e-08	-0.7066	0.76009
c51	-1.3625e-08	2.615e-08	-0.52102	0.69882
c52	2.1833e-08	2.7189e-08	0.80301	0.21099
c53	1.3926e-08	2.498e-08	0.55749	0.2886
c54	-5.7948e-09	2.4103e-08	-0.24042	0.595
c55	-1.7032e-08	2.3449e-08	-0.72634	0.76619
c56	-2.2677e-09	2.6019e-08	-0.087157	0.53473
c57	4.2749e-09	2.3178e-08	0.18444	0.42684
c58	-1.8014e-08	2.5973e-08	-0.69355	0.75602
c59	-1.7595e-09	2.7142e-08	-0.064826	0.52584
c60	-9.642e-09	2.5474e-08	-0.37851	0.64747
c61	-3.4976e-08	2.3791e-08	-1.4701	0.92924
c62	-2.8926e-08	2.5334e-08	-1.1418	0.87323
c63	-6.4894e-08	2.2803e-08	-2.8458	0.99779
c64	-9.4421e-08	2.2832e-08	-4.1354	0.99998
c65	-6.9346e-08	2.4218e-08	-2.8634	0.9979
c66	-7.631e-08	2.4079e-08	-3.1692	0.99924
c67	-6.2095e-08	2.4686e-08	-2.5154	0.99405
c68	-1.8788e-08	2.7248e-08	-0.68953	0.75475
c69	-4.5827e-08	2.6208e-08	-1.7486	0.95982
c70	-5.1629e-08	2.5239e-08	-2.0456	0.9796
c71	-6.5085e-08	2.3918e-08	-2.7211	0.99675
c72	-8.7002e-08	2.4526e-08	-3.5473	0.99981
c73	-7.6299e-08	2.4596e-08	-3.1021	0.99904
c74	-7.6589e-08	2.5032e-08	-3.0596	0.99889
c75	-7.3767e-08	2.3906e-08	-3.0857	0.99898
c76	-9.7234e-08	2.2884e-08	-4.2489	0.99999
c77	-6.0271e-08	2.3897e-08	-2.5221	0.99417
c78	-5.9821e-08	2.4005e-08	-2.492	0.99365
c79	-7.0032e-08	2.3344e-08	-3	0.99865
c80	-6.7117e-08	2.3871e-08	-2.8116	0.99754
c81	-7.9272e-08	2.3844e-08	-3.3246	0.99956
c82	-7.0727e-08	2.3614e-08	-2.9951	0.99863
c83	5.3932e-08	2.1416e-08	2.5184	0.0058948
c84	3.2535e-08	2.1636e-08	1.5038	0.066318
c85	5.4844e-08	2.1871e-08	2.5077	0.0060765
c86	5.1094e-08	2.5318e-08	2.0181	0.02179
c87	1.3856e-08	2.2516e-08	0.61542	0.26914
c88	5.3465e-08	2.2759e-08	2.3492	0.0094069
c89	5.7027e-08	2.302e-08	2.4773	0.0066198
c90	5.1977e-08	2.3094e-08	2.2507	0.012203
c91	4.5709e-08	2.4358e-08	1.8766	0.030286
c92	5.1174e-08	2.4955e-08	2.0506	0.020153
c93	5.3927e-08	2.5562e-08	2.1096	0.017445
c94	6.3097e-08	2.3829e-08	2.6479	0.0040495
c95	4.6672e-08	2.2972e-08	2.0317	0.021093
c96	5.1972e-08	2.3439e-08	2.2173	0.013301
c97	9.026e-09	2.3723e-08	0.38048	0.35179
c98	1.2031e-07	2.5515e-08	4.7154	1.2064e-06
c99	1.0257e-07	2.3196e-08	4.4219	4.8924e-06
c100	9.6994e-08	2.4596e-08	3.9435	4.0149e-05
c101	1.1083e-07	2.3627e-08	4.691	1.3592e-06
c102	1.0981e-07	2.3772e-08	4.6194	1.9242e-06
c103	8.8916e-08	2.4412e-08	3.6423	0.00013513
c104	8.1865e-08	2.4844e-08	3.2951	0.0004919
c105	1.1027e-07	2.5267e-08	4.3644	6.3738e-06
c106	1.1116e-07	2.3861e-08	4.6587	1.5911e-06
c107	9.6178e-08	2.5496e-08	3.7723	8.0871e-05
c108	9.9224e-08	2.4402e-08	4.0663	2.3888e-05
c109	9.401e-08	2.3275e-08	4.0392	2.6821e-05
c110	1.2033e-07	2.2654e-08	5.3115	5.4367e-08
c111	8.075e-08	2.4322e-08	3.32	0.00045014
c112	8.9853e-08	2.2532e-08	3.9878	3.3346e-05
c113	6.083e-08	2.3148e-08	2.6279	0.0042963
c114	6.0925e-08	2.5465e-08	2.3925	0.0083661
c115	3.9354e-08	2.3728e-08	1.6585	0.048603
c116	1.1071e-07	2.4691e-08	4.4838	3.6655e-06
c117	1.0595e-07	2.4811e-08	4.2701	9.7702e-06
c118	9.7072e-08	2.7194e-08	3.5696	0.00017874
c119	1.3371e-07	2.6766e-08	4.9956	2.9331e-07
c120	1.2341e-07	2.4491e-08	5.039	2.3403e-07
c121	1.1403e-07	2.6513e-08	4.3011	8.4993e-06
c122	1.3156e-07	2.9898e-08	4.4001	5.4106e-06
c123	1.2944e-07	2.5571e-08	5.0621	2.073e-07
c124	1.3117e-07	2.8728e-08	4.5658	2.4878e-06
c125	1.2277e-07	2.5129e-08	4.8858	5.1496e-07
c126	1.1788e-07	2.8347e-08	4.1586	1.6013e-05
c127	1.1094e-07	2.691e-08	4.1228	1.8713e-05
c128	1.0457e-07	2.3875e-08	4.3798	5.9389e-06
c129	1.3524e-07	2.994e-08	4.517	3.1361e-06
c130	1.1279e-07	2.3893e-08	4.7209	1.174e-06
c131	9.3927e-08	2.3055e-08	4.0741	2.3099e-05
c132	1.2624e-07	2.9822e-08	4.2332	1.1518e-05
c133	8.7303e-08	2.8013e-08	3.1165	0.00091494
c134	1.2131e-07	2.5806e-08	4.7008	1.2955e-06
c135	1.146e-07	2.5504e-08	4.4934	3.5055e-06
c136	1.7124e-07	2.9944e-08	5.7188	5.3628e-09
c137	1.2124e-07	2.7595e-08	4.3937	5.5708e-06
c138	1.3844e-07	3.0341e-08	4.5628	2.5242e-06
c139	1.4128e-07	2.8373e-08	4.9792	3.1927e-07
c140	1.4664e-07	2.8968e-08	5.0622	2.0723e-07
c141	1.4186e-07	2.6851e-08	5.2831	6.3514e-08
c142	1.3528e-07	2.9166e-08	4.6383	1.7565e-06
c143	1.1517e-07	2.8975e-08	3.975	3.5197e-05
c144	1.3251e-07	3.2859e-08	4.0326	2.7584e-05
c145	1.1906e-07	2.451e-08	4.8575	5.9432e-07
c146	1.2383e-07	2.4441e-08	5.0665	2.0263e-07
c147	1.0913e-07	2.5757e-08	4.2369	1.133e-05
c148	1.2029e-07	2.4817e-08	4.8468	6.2724e-07
c149	1.199e-07	2.5129e-08	4.7713	9.1542e-07
c150	9.4631e-08	2.5009e-08	3.7839	7.719e-05
c151	1.1751e-07	2.5099e-08	4.6817	1.4224e-06
c152	9.1955e-08	2.2463e-08	4.0937	2.1226e-05
c153	8.8443e-08	2.7662e-08	3.1972	0.00069374
c154	1.1028e-07	2.525e-08	4.3673	6.289e-06
c155	1.1976e-07	2.5486e-08	4.6993	1.3053e-06
c156	9.7638e-08	2.7291e-08	3.5777	0.00017334
c157	7.0401e-08	2.8706e-08	2.4524	0.0070944
c158	1.3359e-07	3.0406e-08	4.3936	5.5756e-06
c159	1.2824e-07	2.651e-08	4.8373	6.5794e-07
c160	1.0308e-07	2.8706e-08	3.5909	0.00016477
c161	1.181e-07	2.5054e-08	4.7137	1.2164e-06
c162	1.1164e-07	2.4671e-08	4.5252	3.0168e-06
c163	7.9431e-08	2.5873e-08	3.07	0.0010702
c164	1.1554e-07	2.5636e-08	4.5068	3.2913e-06
c165	1.3176e-07	2.5527e-08	5.1614	1.2258e-07
c166	1.1432e-07	2.4306e-08	4.7032	1.2807e-06
c167	1.1178e-07	2.553e-08	4.3786	5.9723e-06
c168	1.0532e-07	2.9244e-08	3.6013	0.00015829
c169	9.2381e-08	2.2445e-08	4.1158	1.9288e-05
c170	1.2154e-07	2.5685e-08	4.7317	1.113e-06
c171	1.0637e-07	2.6873e-08	3.9581	3.7782e-05
c172	8.2372e-08	2.4686e-08	3.3368	0.00042374
c173	1.0009e-07	2.4364e-08	4.1081	1.9944e-05
c174	1.0753e-07	2.7173e-08	3.9574	3.7891e-05
c175	9.3388e-08	2.3857e-08	3.9144	4.531e-05
c176	5.4382e-08	2.8157e-08	1.9314	0.026718
c177	1.4548e-07	2.8015e-08	5.1931	1.0341e-07
c178	1.0603e-07	2.7301e-08	3.8838	5.1412e-05
c179	1.7202e-07	2.6524e-08	6.4855	4.4207e-11
c180	1.3839e-07	2.681e-08	5.1619	1.2224e-07
c181	1.2519e-07	2.3889e-08	5.2403	8.0147e-08
c182	1.1438e-07	2.5387e-08	4.5054	3.3129e-06
c183	9.6136e-08	2.2458e-08	4.2807	9.3152e-06
c184	7.2474e-08	2.2381e-08	3.2383	0.00060127
c185	1.4021e-07	2.8632e-08	4.897	4.865e-07
c186	1.3627e-07	2.4468e-08	5.569	1.2807e-08
c187	1.214e-07	2.3482e-08	5.1699	1.1711e-07
c188	1.1091e-07	2.4053e-08	4.6113	2.001e-06
c189	7.3809e-08	2.4822e-08	2.9735	0.0014719
c190	8.5124e-08	2.6872e-08	3.1678	0.00076798
c191	7.8264e-08	2.7276e-08	2.8693	0.0020569
c192	9.6572e-08	2.8534e-08	3.3844	0.00035664
c193	8.0759e-08	2.62e-08	3.0824	0.0010268
c194	9.9025e-08	3.097e-08	3.1974	0.00069334
c195	8.6659e-08	2.6682e-08	3.2479	0.00058137
c196	1.1689e-07	2.4109e-08	4.8485	6.2194e-07
c197	1.0103e-07	2.3748e-08	4.2543	1.0486e-05
c198	1.2723e-07	2.543e-08	5.0029	2.8238e-07
c199	3.732e-08	2.6488e-08	1.4089	0.079427
c200	9.1247e-08	2.7988e-08	3.2602	0.00055675
c201	8.2095e-08	2.8797e-08	2.8508	0.0021805
c202	8.5086e-08	2.8655e-08	2.9693	0.0014922
c203	7.8585e-08	2.8684e-08	2.7397	0.0030747
c204	1.8519e-08	2.6759e-08	0.69204	0.24446
c205	1.0935e-08	2.4374e-08	0.44861	0.32686
c206	1.0597e-07	3.1958e-08	3.316	0.00045656
c207	1.0532e-07	2.7591e-08	3.8172	6.7478e-05
c208	9.395e-08	2.9415e-08	3.1939	0.00070172
c209	8.4714e-08	2.8206e-08	3.0034	0.0013351
c210	8.5359e-08	2.6403e-08	3.233	0.00061253
c211	8.2901e-08	2.6733e-08	3.1011	0.00096414
c212	1.0005e-07	2.688e-08	3.722	9.8807e-05
c213	5.7247e-08	2.642e-08	2.1668	0.015125
c214	3.7941e-08	2.6148e-08	1.451	0.073389
c215	5.8437e-08	2.6522e-08	2.2034	0.013784
c216	8.9196e-08	2.9215e-08	3.0531	0.0011326
c217	9.9281e-08	2.6233e-08	3.7846	7.6965e-05
c218	6.1963e-08	2.479e-08	2.4995	0.0062177
c219	8.102e-08	2.5347e-08	3.1965	0.00069555
c220	6.9136e-08	2.6191e-08	2.6397	0.0041487
c221	1.3619e-07	2.9077e-08	4.684	1.4068e-06
c222	1.4514e-07	3.2735e-08	4.4337	4.6322e-06
c223	1.1954e-07	3.2232e-08	3.7087	0.00010415
c224	1.0371e-07	2.7965e-08	3.7086	0.00010421
c225	1.0674e-07	2.5842e-08	4.1304	1.8103e-05
c226	6.6613e-08	2.9215e-08	2.2801	0.011302
c227	8.0345e-08	2.6118e-08	3.0762	0.0010482
c228	1.2866e-07	2.5216e-08	5.1026	1.6754e-07
c229	1.1281e-07	2.288e-08	4.9306	4.0992e-07
c230	7.9933e-08	2.7524e-08	2.9041	0.0018413
c231	8.9233e-08	2.3694e-08	3.766	8.293e-05
c232	7.7331e-08	2.4656e-08	3.1364	0.00085516
c233	7.6753e-08	1.9636e-08	3.9087	4.64e-05
c234	8.4278e-08	2.3057e-08	3.6552	0.00012851
c235	2.2366e-08	2.4717e-08	0.90487	0.18277
c236	8.1314e-08	2.396e-08	3.3938	0.0003447
c237	6.7001e-08	2.2047e-08	3.039	0.0011869
c238	6.7731e-08	2.6014e-08	2.6036	0.004612
c239	1.1657e-07	2.6811e-08	4.3478	6.8763e-06
c240	9.7139e-08	2.5026e-08	3.8815	5.1904e-05
c241	7.2376e-08	2.4837e-08	2.914	0.0017839
c242	8.6376e-08	2.7591e-08	3.1306	0.00087236
c243	9.0299e-08	2.5079e-08	3.6006	0.00015877
c244	6.1071e-08	2.3047e-08	2.6499	0.0040261
c245	4.2991e-08	2.5743e-08	1.67	0.047457
c246	2.3233e-08	2.3208e-08	1.0011	0.15839
c247	6.1026e-08	2.3466e-08	2.6006	0.0046524
c248	9.9327e-08	2.486e-08	3.9954	3.2291e-05
c249	8.8016e-08	2.4739e-08	3.5579	0.00018695
c250	1.0261e-07	2.3919e-08	4.2899	8.9393e-06
c251	9.3891e-08	2.6147e-08	3.5909	0.00016475
c252	1.0168e-07	2.5534e-08	3.982	3.4162e-05
c253	6.787e-08	2.4259e-08	2.7978	0.0025728
c254	8.066e-08	2.5053e-08	3.2196	0.00064182
c255	5.4403e-08	2.6508e-08	2.0523	0.020068
c256	2.4516e-08	2.7099e-08	0.90466	0.18282
c257	6.7729e-08	2.5879e-08	2.6171	0.0044343
c258	7.8988e-08	2.4926e-08	3.1689	0.00076518
c259	9.3439e-08	2.6656e-08	3.5054	0.000228
c260	9.25e-08	2.8821e-08	3.2095	0.00066478
c261	1.0676e-07	2.8427e-08	3.7556	8.6474e-05
c262	8.6659e-08	2.8087e-08	3.0853	0.0010166
c263	1.0203e-07	3.0445e-08	3.3514	0.00040201
c264	1.266e-07	2.815e-08	4.4973	3.4404e-06
c265	8.9695e-08	2.4303e-08	3.6907	0.0001118
c266	7.7932e-08	2.2417e-08	3.4765	0.00025404
c267	6.7821e-08	2.4794e-08	2.7354	0.0031154
c268	7.353e-08	2.6284e-08	2.7975	0.0025747
c269	8.5142e-08	2.3894e-08	3.5633	0.00018308
c270	1.0672e-07	2.84e-08	3.7578	8.5719e-05
c271	8.7821e-08	2.6706e-08	3.2884	0.00050373
c272	7.9476e-08	2.6125e-08	3.0421	0.0011746
c273	7.3401e-08	2.7142e-08	2.7044	0.0034219
c274	8.467e-08	2.8093e-08	3.0139	0.0012897
c275	1.0772e-07	2.8231e-08	3.8157	6.7899e-05
c276	5.9331e-08	2.4467e-08	2.425	0.0076548
c277	1.2251e-07	2.6907e-08	4.553	2.6441e-06
c278	1.0219e-07	2.5472e-08	4.0118	3.0126e-05
c279	7.397e-08	2.4999e-08	2.959	0.0015433
c280	9.8635e-08	2.6997e-08	3.6535	0.00012934
c281	1.0703e-07	2.4774e-08	4.3204	7.7875e-06
c282	1.1248e-07	2.8112e-08	4.0012	3.1508e-05
c283	9.0633e-08	2.6491e-08	3.4213	0.00031161
c284	8.9215e-08	2.4636e-08	3.6213	0.00014655
c285	5.5047e-08	2.5077e-08	2.1951	0.014079
c286	1.0628e-07	2.7405e-08	3.878	5.267e-05
c287	8.0587e-08	2.7605e-08	2.9193	0.0017541
c288	7.5864e-08	2.9513e-08	2.5705	0.0050772
c289	9.0189e-08	2.4049e-08	3.7503	8.8324e-05
c290	7.2106e-08	2.6526e-08	2.7183	0.0032812
c291	8.4602e-08	2.5019e-08	3.3815	0.00036043
c292	7.9697e-08	2.7566e-08	2.8911	0.0019196
c293	1.0141e-07	2.7488e-08	3.6894	0.00011241
c294	9.3176e-08	2.7565e-08	3.3802	0.00036212
c295	8.2033e-08	2.7123e-08	3.0245	0.0012451
c296	9.5419e-08	2.5058e-08	3.8079	7.0069e-05
c297	3.2586e-08	2.4898e-08	1.3088	0.095307
c298	2.8645e-08	2.531e-08	1.1318	0.12887
c299	2.2029e-08	2.4453e-08	0.90086	0.18383
c300	3.9449e-08	2.5655e-08	1.5376	0.062069
c301	5.7689e-08	2.9135e-08	1.9801	0.023848
c302	6.8359e-08	2.7145e-08	2.5183	0.0058969
c303	6.3752e-08	2.7798e-08	2.2934	0.010913
c304	7.4862e-08	2.7054e-08	2.7671	0.002828
c305	5.8437e-08	2.3861e-08	2.449	0.0071617
c306	7.6217e-08	2.5022e-08	3.046	0.0011597
c307	6.2934e-08	2.6099e-08	2.4114	0.0079461
c308	4.0786e-08	2.7256e-08	1.4964	0.067275
c309	6.3934e-08	2.7734e-08	2.3053	0.010576
c310	5.8234e-08	2.629e-08	2.2151	0.013378
c311	6.4387e-08	2.5188e-08	2.5563	0.0052896
c312	6.3419e-08	2.7405e-08	2.3141	0.01033
c313	5.3599e-08	2.7201e-08	1.9705	0.024392
c314	2.8459e-08	2.483e-08	1.1461	0.12587
c315	3.238e-08	2.5311e-08	1.2793	0.1004
c316	2.3706e-08	2.4538e-08	0.96611	0.16699
c317	1.29e-08	2.3821e-08	0.54152	0.29407
c318	3.8423e-08	2.5055e-08	1.5336	0.062569
c319	2.4178e-08	2.3176e-08	1.0432	0.14842
c320	2.1543e-08	2.2991e-08	0.93704	0.17437
c321	-5.5812e-10	2.2694e-08	-0.024593	0.50981
c322	6.1794e-09	2.1744e-08	0.28418	0.38813
c323	3.3873e-08	2.2506e-08	1.5051	0.066154
c324	3.573e-08	2.2104e-08	1.6165	0.052999
c325	4.902e-08	2.2408e-08	2.1877	0.014347
c326	3.3799e-08	2.213e-08	1.5273	0.063343
c327	4.1934e-08	2.1878e-08	1.9168	0.027633
c328	4.7436e-08	2.1912e-08	2.1648	0.015201
c329	4.3663e-08	2.2369e-08	1.952	0.025471
c330	2.8168e-08	2.1997e-08	1.2805	0.10018
c331	-2.4484e-08	2.2602e-08	-1.0833	0.86066
c332	1.0242e-09	2.073e-08	0.049406	0.4803
c333	4.012e-10	2.3061e-08	0.017397	0.49306
c334	5.024e-08	2.4919e-08	2.0161	0.021892
c335	3.0281e-08	2.3536e-08	1.2866	0.099116
c336	2.2922e-08	2.3948e-08	0.95717	0.16924
c337	2.9063e-08	2.4275e-08	1.1972	0.11561
c338	3.2886e-08	2.3609e-08	1.393	0.081816
c339	6.9942e-09	2.6794e-08	0.26104	0.39703
c340	5.538e-08	3.4466e-08	1.6068	0.054052
c341	-4.3358e-09	2.6104e-08	-0.16609	0.56596
c342	7.3281e-09	2.4543e-08	0.29858	0.38263
c343	6.1585e-08	2.6524e-08	2.3218	0.010121
c344	1.0339e-08	2.8713e-08	0.36006	0.3594
c345	3.2346e-08	2.9251e-08	1.1058	0.13441
c346	1.3681e-08	2.7265e-08	0.50177	0.30792
c347	2.8873e-08	2.4103e-08	1.1979	0.11548
c348	2.7667e-08	2.7368e-08	1.0109	0.15602
c349	4.3547e-08	2.9314e-08	1.4855	0.068703
c350	3.5433e-08	2.6595e-08	1.3323	0.091379
c351	-1.2949e-08	2.5194e-08	-0.51399	0.69637
c352	8.1588e-08	3.5101e-08	2.3243	0.010053
c353	6.4551e-08	2.9823e-08	2.1645	0.015213
c354	4.5769e-08	2.7617e-08	1.6573	0.048732
c355	2.8337e-08	2.5927e-08	1.093	0.13721
c356	-4.9176e-08	2.5096e-08	-1.9595	0.97497
c357	1.2037e-09	2.5227e-08	0.047716	0.48097
c358	-2.4147e-08	2.7741e-08	-0.87044	0.80797
c359	-4.7435e-10	3.2369e-08	-0.014655	0.50585
c360	5.8095e-09	2.9425e-08	0.19744	0.42174
c361	3.0102e-08	2.8774e-08	1.0461	0.14775
c362	3.6574e-08	3.0882e-08	1.1843	0.11815
c363	4.0011e-08	2.7603e-08	1.4495	0.073599
c364	4.1245e-08	2.5315e-08	1.6293	0.05163
c365	-1.4811e-08	2.5364e-08	-0.58395	0.72037
c366	-4.7223e-08	2.5899e-08	-1.8234	0.96588
c367	2.9983e-09	2.8267e-08	0.10607	0.45776
c368	-3.9817e-08	2.7554e-08	-1.4451	0.92578
c369	2.4814e-10	2.7349e-08	0.0090728	0.49638
c370	3.3065e-09	2.8602e-08	0.1156	0.45398
c371	6.1775e-08	2.9703e-08	2.0797	0.018774
c372	6.5236e-08	2.6983e-08	2.4177	0.0078097
c373	3.7718e-09	2.7878e-08	0.1353	0.44619
c374	1.5254e-08	2.9426e-08	0.51839	0.30209
c375	3.1964e-08	2.7604e-08	1.1579	0.12345
c376	8.7785e-09	2.7727e-08	0.3166	0.37577
c377	1.0997e-08	2.8719e-08	0.38292	0.35089
c378	-9.0767e-09	2.8624e-08	-0.3171	0.62442
c379	-2.9673e-08	2.6746e-08	-1.1094	0.86638
c380	-2.4962e-08	2.887e-08	-0.86465	0.80639
c381	4.1078e-08	2.8474e-08	1.4427	0.074559
c382	3.1525e-08	2.3188e-08	1.3595	0.08699
c383	-3.234e-08	2.3052e-08	-1.4029	0.91968
c384	3.6378e-08	2.9809e-08	1.2203	0.11117
c385	7.1117e-09	2.3494e-08	0.30271	0.38106
c386	3.1896e-08	2.5299e-08	1.2607	0.1037
c387	1.7649e-08	2.814e-08	0.62717	0.26527
c388	5.0225e-08	3.1476e-08	1.5957	0.055282
c389	3.0135e-08	2.73e-08	1.1038	0.13483
c390	2.603e-08	3.2161e-08	0.80937	0.20915
c391	6.4217e-09	2.7557e-08	0.23304	0.40787
c392	1.5515e-08	2.1291e-08	0.72871	0.23309
c393	6.2852e-08	2.5055e-08	2.5086	0.0060608
c394	4.8747e-08	3.0261e-08	1.6109	0.053603
c395	6.0244e-08	2.6322e-08	2.2887	0.011048
c396	4.2354e-08	2.8972e-08	1.4619	0.071887
c397	2.7269e-08	2.9224e-08	0.93309	0.17539
c398	-1.6732e-08	2.6877e-08	-0.62256	0.73321
c399	5.5468e-09	2.7194e-08	0.20397	0.41919
c400	8.1613e-08	2.6654e-08	3.062	0.0010993
c401	8.9687e-08	2.8373e-08	3.161	0.00078627
c402	7.7438e-08	2.5284e-08	3.0627	0.0010967
c403	1.4884e-07	2.6586e-08	5.5985	1.0812e-08
c404	1.4741e-07	2.6626e-08	5.5361	1.5463e-08
c405	1.461e-07	2.523e-08	5.7908	3.5036e-09
c406	8.3766e-08	2.4351e-08	3.4399	0.00029093
c407	4.8528e-08	2.5171e-08	1.928	0.026931
c408	5.7997e-08	2.9972e-08	1.935	0.026495
c409	3.0566e-08	2.8751e-08	1.0631	0.14386
c410	2.2899e-08	2.9364e-08	0.77984	0.21774
c411	1.3827e-08	2.9105e-08	0.47508	0.31737
c412	-1.5898e-08	2.3261e-08	-0.68347	0.75285
c413	-4.0573e-08	2.4155e-08	-1.6797	0.95349
c414	-3.0698e-08	2.4479e-08	-1.254	0.89509
c415	6.6775e-08	3.5689e-08	1.871	0.03067
c416	7.3436e-08	3.2091e-08	2.2884	0.011057
c417	4.789e-08	2.9091e-08	1.6462	0.049864
c418	6.0582e-08	2.7254e-08	2.2228	0.013114
c419	5.3585e-08	2.2466e-08	2.3851	0.0085369
c420	3.4901e-08	2.7128e-08	1.2865	0.099133
c421	4.123e-08	2.913e-08	1.4154	0.078477
c422	2.2895e-08	2.7296e-08	0.83878	0.2008
c423	6.2938e-08	2.4823e-08	2.5355	0.0056143
c424	2.125e-08	2.6626e-08	0.7981	0.21241
c425	6.3476e-08	2.7507e-08	2.3077	0.010509
c426	8.4969e-08	2.7246e-08	3.1186	0.00090858
c427	7.0424e-08	2.6478e-08	2.6597	0.0039107
c428	8.097e-08	2.4463e-08	3.3098	0.00046675
c429	5.4884e-08	2.3005e-08	2.3858	0.0085221
c430	4.6029e-08	2.3303e-08	1.9752	0.02412
c431	2.2442e-08	2.7154e-08	0.82646	0.20427
c432	1.3818e-08	2.5328e-08	0.54558	0.29268
c433	2.19e-08	2.4999e-08	0.876	0.19051
c434	4.5075e-08	2.5899e-08	1.7404	0.040894
c435	7.0496e-08	2.3457e-08	3.0053	0.0013265
c436	3.927e-08	2.2857e-08	1.7181	0.042889
c437	4.672e-08	2.3346e-08	2.0013	0.022682
c438	4.2164e-08	2.2863e-08	1.8443	0.032573
c439	5.0123e-08	2.4513e-08	2.0447	0.02044
c440	3.5011e-08	2.2586e-08	1.5501	0.060557
c441	4.5218e-08	2.4805e-08	1.8229	0.034158
c442	3.9203e-08	2.364e-08	1.6583	0.048624
c443	3.5318e-08	2.3637e-08	1.4942	0.067562
c444	4.1395e-08	2.5331e-08	1.6341	0.051116
c445	3.1099e-08	2.3206e-08	1.3401	0.090102
c446	4.1555e-08	2.4154e-08	1.7204	0.042676
c447	6.9234e-08	2.8604e-08	2.4204	0.0077515
c448	9.1566e-08	2.2418e-08	4.0844	2.2093e-05
c449	1.0284e-07	2.657e-08	3.8707	5.4253e-05
c450	1.0429e-07	2.461e-08	4.2375	1.1303e-05
c451	1.1322e-07	2.4166e-08	4.6852	1.3982e-06
c452	9.3284e-08	3.2559e-08	2.8651	0.0020844
c453	6.5191e-08	2.4087e-08	2.7064	0.0034004
c454	8.5216e-08	2.6877e-08	3.1706	0.00076058
c455	5.4377e-08	2.9025e-08	1.8735	0.030502
c456	2.7902e-08	2.7879e-08	1.0008	0.15846
c457	9.0712e-08	2.6109e-08	3.4743	0.00025606
c458	6.5468e-08	2.8689e-08	2.2819	0.011246
c459	2.4458e-08	2.5425e-08	0.96197	0.16803
c460	4.7772e-08	2.7082e-08	1.764	0.038869
