supercluster	n	n_fdr	n_specific	max_z
Deep-layer intratelencephalic	16	6	2	3.576
Amygdala excitatory	20	2	2	3.432
Upper-layer intratelencephalic	16	2	1	3.367
Splatter	92	1	1	3.043
MGE interneuron	26	0	0	2.846
Eccentric medium spiny neuron	14	0	0	2.791
Medium spiny neuron	18	0	0	2.563
Hippocampal CA1-3	15	0	0	2.538
Deep-layer corticothalamic and 6b	17	0	0	2.536
Miscellaneous	22	0	0	2.328
Hippocampal dentate gyrus	7	0	0	2.225
Astrocyte	13	0	0	1.583
LAMP5-LHX6 and Chandelier	12	0	0	1.447
Upper rhombic lip	6	0	0	1.447
CGE interneuron	21	0	0	1.214
Hippocampal CA4	9	0	0	1.02
Thalamic excitatory	17	0	0	0.6206
Cerebellar inhibitory	10	0	0	0.5491
Committed oligodendrocyte precursor	7	0	0	0.4753
Oligodendrocyte precursor	5	0	0	0.301
Lower rhombic lip	8	0	0	0.2148
Deep-layer near-projecting	13	0	0	0.2037
Midbrain-derived inhibitory	12	0	0	-0.1597
Bergmann glia	1	0	0	-0.184
Oligodendrocyte	8	0	0	-0.2933
Mammillary body	11	0	0	-0.3991
Ependymal	10	0	0	-0.6731
Microglia	9	0	0	-0.8948
Vascular	11	0	0	-1.124
Choroid plexus	7	0	0	-1.142
Fibroblast	8	0	0	-1.632
