VARIABLE	group	NGENES	BETA	SE	P	z	fdr	s	p_decodeme_gwas_2
G011_AmyGInhibH	AmyG__Inhib_H	12663	0.023789	0.0094256	0.0058104	2.5235	0.19941	1.2672	0.024082
G027_NAcMSND2B	NAc__MSN.D2_B	12663	0.019505	0.0087995	0.013336	2.2163	0.19941	1.1618	0.0062359
G004_AmyGInhibA	AmyG__Inhib_A	12663	0.019237	0.009082	0.017092	2.1179	0.19941	1.9701	0.054329
G029_NAcMSND2D	NAc__MSN.D2_D	12663	0.013667	0.0087927	0.060062	1.5543	0.38227	1.4517	0.041593
G024_NAcMSND1E	NAc__MSN.D1_E	12663	0.013454	0.0088619	0.064505	1.518	0.38227	0.69795	0.039761
G006_AmyGInhibC	AmyG__Inhib_C	12663	0.012943	0.0088777	0.072437	1.4579	0.38227	0.47765	0.12938
G023_NAcMSND1D	NAc__MSN.D1_D	12663	0.012505	0.0087483	0.076454	1.4293	0.38227	1.1516	0.040771
G028_NAcMSND2C	NAc__MSN.D2_C	12663	0.012066	0.0089026	0.087665	1.3553	0.38353	0.36061	0.049738
G008_AmyGInhibE	AmyG__Inhib_E	12663	0.011452	0.00892	0.099605	1.2838	0.38735	1.0866	0.037022
G002_AmyGExcitA	AmyG__Excit_A	12663	0.010259	0.0087976	0.12179	1.1661	0.41112	0.89846	0.079332
G022_NAcMSND1C	NAc__MSN.D1_C	12663	0.0099411	0.008796	0.12921	1.1301	0.41112	1.179	0.10794
G003_AmyGExcitC	AmyG__Excit_C	12663	0.0094748	0.009088	0.14859	1.0425	0.43339	1.4843	0.13218
G026_NAcMSND2A	NAc__MSN.D2_A	12663	0.0081715	0.0087947	0.17642	0.92909	0.46352	0.83789	0.11716
G020_NAcMSND1A	NAc__MSN.D1_A	12663	0.0078682	0.0087916	0.18541	0.89494	0.46352	0.87766	0.10198
G001_AmyGAstroB	AmyG__Astro_B	12663	0.0066627	0.0092553	0.23581	0.71985	0.51813	0.75159	0.22129
G010_AmyGInhibG	AmyG__Inhib_G	12663	0.0064548	0.0090094	0.23686	0.71644	0.51813	0.45926	0.32626
G021_NAcMSND1B	NAc__MSN.D1_B	12663	0.0046072	0.008954	0.30344	0.51453	0.62473	0.5982	0.27548
G015_NAcAstroA	NAc__Astro_A	12663	0.00057985	0.0088418	0.47386	0.06557	0.90132	0.34834	0.40988
G007_AmyGInhibD	AmyG__Inhib_D	12663	-8.2719e-05	0.0089195	0.5037	-0.0092747	0.90132	-0.74443	0.48494
G005_AmyGInhibB	AmyG__Inhib_B	12663	-0.00033044	0.0087632	0.51504	-0.037709	0.90132	-0.21125	0.74274
G009_AmyGInhibF	AmyG__Inhib_F	12663	-0.0025077	0.008864	0.61137	-0.28289	0.99411	-0.55644	0.63429
G019_NAcInhibD	NAc__Inhib_D	12663	-0.0028172	0.008851	0.62487	-0.3183	0.99411	-0.60513	0.43996
G016_NAcAstroB	NAc__Astro_B	12663	-0.0041711	0.0088779	0.68076	-0.46983	0.99596	-0.23717	0.48107
G032_NAcOPC	NAc__OPC	12663	-0.0056913	0.0087869	0.74141	-0.6477	0.99596	-0.30705	0.47955
G033_NAcOligoA	NAc__Oligo_A	12663	-0.0063948	0.0089361	0.76288	-0.7156	0.99596	-0.66875	0.79671
G000_AmyGAstroA	AmyG__Astro_A	12663	-0.0080065	0.008755	0.81976	-0.91445	0.99596	-0.15775	0.66971
G025_NAcMSND1F	NAc__MSN.D1_F	12663	-0.0085186	0.0087852	0.83388	-0.96961	0.99596	-1.4223	0.82122
G018_NAcInhibC	NAc__Inhib_C	12663	-0.0099673	0.0087831	0.87176	-1.1348	0.99596	-0.80492	0.82909
G013_AmyGOPC	AmyG__OPC	12663	-0.010507	0.0089215	0.88054	-1.1777	0.99596	-0.33865	0.74384
G017_NAcInhibA	NAc__Inhib_A	12663	-0.010491	0.0088646	0.88168	-1.1834	0.99596	-1.0566	0.85789
G034_NAcOligoB	NAc__Oligo_B	12663	-0.012273	0.0089041	0.91594	-1.3783	0.99596	-1.1086	0.93913
G014_AmyGOligo	AmyG__Oligo	12663	-0.013537	0.0088735	0.93643	-1.5255	0.99596	-1.0899	0.96513
G031_NAcMicrorestin	NAc__Micro_resting	12663	-0.016307	0.0098261	0.95148	-1.6594	0.99596	-0.22438	0.98909
G030_NAcMicro	NAc__Micro	12663	-0.020774	0.008867	0.99042	-2.3424	0.99596	-0.57077	0.99048
G012_AmyGMicro	AmyG__Micro	12663	-0.023238	0.0087714	0.99596	-2.6487	0.99596	-0.67108	0.99796
