VARIABLE	NGENES	BETA	SE	P	trait	fdr
ion_channel	183	0.14784	0.07263	0.02091	decodeme_gwas_1	0.12153
gpcr	82	0.063985	0.1091	0.27879	decodeme_gwas_1	0.68959
neuropeptide	35	-0.06086	0.17276	0.63768	decodeme_gwas_1	0.68959
solute_carrier	356	-0.011919	0.051359	0.59176	decodeme_gwas_1	0.68959
kinase	587	-0.017892	0.039482	0.67478	decodeme_gwas_1	0.68959
nuclear_receptor	21	0.38294	0.20419	0.030382	decodeme_gwas_1	0.12153
cadherin	75	-0.05332	0.13404	0.6546	decodeme_gwas_1	0.68959
immunoglobulin	64	-0.06166	0.12464	0.68959	decodeme_gwas_1	0.68959
ion_channel	183	0.13923	0.072099	0.026746	decodeme_gwas_2	0.16475
gpcr	82	0.030088	0.10758	0.38986	decodeme_gwas_2	0.74949
neuropeptide	35	-0.070267	0.17521	0.6558	decodeme_gwas_2	0.74949
solute_carrier	356	-0.0038801	0.051124	0.53025	decodeme_gwas_2	0.74949
kinase	587	-0.0016334	0.039273	0.51659	decodeme_gwas_2	0.74949
nuclear_receptor	21	0.35218	0.20273	0.041187	decodeme_gwas_2	0.16475
cadherin	75	-0.032562	0.13319	0.59657	decodeme_gwas_2	0.74949
immunoglobulin	64	-0.10649	0.12317	0.80635	decodeme_gwas_2	0.80635
ion_channel	183	0.019834	0.070865	0.38979	alzheimer	0.59969
gpcr	82	0.18198	0.11328	0.054092	alzheimer	0.21637
neuropeptide	35	0.070085	0.1598	0.33048	alzheimer	0.59969
solute_carrier	358	0.0062926	0.049847	0.44977	alzheimer	0.59969
kinase	588	0.014218	0.039147	0.35824	alzheimer	0.59969
nuclear_receptor	21	-0.32538	0.21414	0.93566	alzheimer	0.98205
cadherin	75	-0.29812	0.14207	0.98205	alzheimer	0.98205
immunoglobulin	65	0.26689	0.12307	0.015063	alzheimer	0.1205
