VARIABLE	tissue	NGENES	BETA	SE	P	z	fdr	p_gwas2	s
T12_Brain_Cortex	Brain - Cortex	14756	0.009849	0.0080327	0.11009	1.226	0.63691	0.035838	0.3171
T09_Brain_Caudat	Brain - Caudate (basal ganglia)	14756	0.0082176	0.008057	0.15389	1.0199	0.63691	0.030676	1.1735
T16_Brain_Nucleu	Brain - Nucleus accumbens (basal ganglia)	14756	0.0082947	0.0081717	0.15505	1.015	0.63691	0.058793	1.3414
T13_Brain_Fronta	Brain - Frontal Cortex (BA9)	14756	0.0066493	0.0083358	0.21254	0.79764	0.63691	0.10561	0.2189
T10_Brain_Cerebe	Brain - Cerebellar Hemisphere	14756	0.0041719	0.0083774	0.30925	0.49798	0.63691	0.50266	-0.67384
T17_Brain_Putame	Brain - Putamen (basal ganglia)	14756	0.0035914	0.0081307	0.32935	0.44171	0.63691	0.1173	0.38967
T11_Brain_Cerebe	Brain - Cerebellum	14756	0.0016292	0.0081829	0.42109	0.19911	0.63691	0.56016	-0.9991
T08_Brain_Anteri	Brain - Anterior cingulate cortex (BA24)	14756	0.0014525	0.0081488	0.42927	0.17823	0.63691	0.28857	0.0060079
T14_Brain_Hippoc	Brain - Hippocampus	14756	0.00084938	0.0081134	0.45831	0.10469	0.63691	0.42994	0.47577
T07_Brain_Amygda	Brain - Amygdala	14756	0.00020452	0.0081006	0.48993	0.025244	0.63691	0.34946	0.25286
T18_Brain_Spinal	Brain - Spinal cord (cervical c-1)	14756	-0.0093185	0.0081533	0.87345	-1.1429	0.97704	0.88182	-1.461
T15_Brain_Hypoth	Brain - Hypothalamus	14756	-0.012584	0.0081583	0.9385	-1.5423	0.97704	0.95103	-1.756
T19_Brain_Substa	Brain - Substantia nigra	14756	-0.016523	0.0082765	0.97704	-1.9961	0.97704	0.9657	-1.6282
