cluster_id	cluster	decodeme_gwas_1	finngen_pain	finngen_fibromyalgia
0	Bcell_0	-0.8587	-1.124	-0.8933
1	Tcell_1	-0.8751	-1.79	0.3632
2	Nkcell_2	-0.6329	-1.218	0.03381
3	Mono_3	-0.02276	-1.113	-0.3184
4	Mgl_4	-0.7008	-0.6844	-1.04
5	Mgl_5	-1.122	-0.6309	-0.537
6	Mgl_6	-0.8016	-0.6382	-0.4011
7	Mgl_7	-0.9203	-0.8275	-0.5554
8	Mgl_8	-0.9942	-0.6463	-0.2822
9	Mgl_9	-0.8763	-0.4698	-0.4622
10	Mgl_10	-1.004	-0.6664	-0.3979
11	Mgl_11	-0.7339	-0.3127	-0.04515
12	Mgl_12	-0.9281	-1.337	-0.5411
13	VendPLVAP_13	-1.28	-1.243	-0.02367
14	VendAC_14	-0.942	-1.526	-0.2327
15	VendC_15	-0.8447	-2.153	-0.4748
16	VendVC_16	-1.115	-1.534	0.1672
17	VendV_17	-1.128	-1.026	-0.9374
18	VendA_18	-1.372	-1.222	-0.7482
19	Vsmc_19	-1.916	-1.218	-1.033
20	Vsmc_20	-1.625	-1.364	-1.425
21	Per_21	-1.383	-1.912	-1.256
22	Per_22	-1.1	-1.489	-0.8834
23	Per_23	-1.589	-1.49	-0.7673
24	Fbl_24	-2.361	-1.898	-0.9764
25	Fbl_25	-2.324	-1.55	-0.9675
26	Fbl_26	-2.204	-1.766	-0.6328
27	Fbl_27	-2.33	-1.538	-0.6532
28	Fbl_28	-2.248	-1.933	-0.9603
29	Fbl_29	-1.437	-1.276	-0.7762
30	Fbl_30	-1.163	-1.64	-1.203
31	Fbl_31	-1.99	-1.82	-1.418
32	OPC_32	-0.07889	-0.875	-0.3882
33	OPC_33	-0.2594	-0.4794	-1.128
34	OPC_34	0.04956	0.1089	-0.2592
35	OPC_35	0.04458	0.286	-0.495
36	OPC_36	-0.5305	-0.09777	-1.535
37	COP_37	0.1338	-0.6573	-0.4815
38	COP_38	0.1589	-0.4896	-1.405
39	COP_39	-0.2526	-0.3068	-1.758
40	Oligo_40	-0.3987	-0.8393	-1.864
41	COP_41	-0.0627	0.1428	-1.876
42	COP_42	-0.7629	-0.1122	-2.273
43	COP_43	-0.3833	0.2787	-2.609
44	Oligo_44	-0.4231	-0.5183	-2.318
45	Oligo_45	-0.5113	-0.5227	-2.173
46	Oligo_46	-0.5286	-0.703	-2.381
47	Oligo_47	-0.565	-0.6898	-2.35
48	Oligo_48	-0.3233	-0.8957	-2.075
49	Oligo_49	-0.6309	-0.7499	-2.405
50	Oligo_50	-0.4038	-1.228	-1.996
51	Bgl_51	-0.2548	-0.9189	-1.495
52	Astro_52	0.3603	-0.0721	-1.173
53	Astro_53	0.1012	-0.2978	-1.132
54	Astro_54	0.1677	-0.3632	-1.272
55	Astro_55	0.142	0.08544	-1.113
56	Astro_56	0.854	0.1689	-1.898
57	Astro_57	0.0505	-0.2385	-1.329
58	Astro_58	0.1057	-0.5787	-1.634
59	Astro_59	-0.1036	-0.6595	-2.154
60	Astro_60	0.1532	-0.8528	-2.159
61	Astro_61	0.1007	-0.7213	-1.885
62	Astro_62	-0.06842	-1.033	-2.434
63	Astro_63	-0.2686	-0.8922	-2.33
64	Astro_64	-0.3823	-1.873	-2.186
65	Epen_65	-0.6695	-1.326	-2.388
66	Epen_66	-0.7738	-1.611	-2.086
67	Epen_67	-1.137	-1.12	-1.605
68	Epen_68	-1.025	-1.456	-1.968
69	Epen_69	-0.8728	-1.631	-2.586
70	Epen_70	-0.8773	-0.6527	-2.181
71	Epen_71	-0.5616	-1.027	-1.857
72	Epen_72	-0.7823	-0.9257	-2.089
73	Epen_73	-0.8405	-0.7223	-2.122
74	Epen_74	-1.016	-0.9582	-2.067
75	COP_75	-0.9203	-1.479	-2.828
76	Chrp_76	-1.542	-1.37	-2.131
77	Chrp_77	-1.116	-1.086	-1.496
78	Chrp_78	-1.296	-0.9422	-1.455
79	Chrp_79	-0.9757	-0.8902	-1.409
80	Chrp_80	-1.169	-1.009	-1.423
81	Chrp_81	-1.28	-0.8827	-1.335
82	Chrp_82	-0.8557	-0.6323	-0.5052
83	DLNP_83	-0.01144	0.9678	0.1611
84	DLCT6b_84	-0.258	0.563	0.01635
85	DLNP_85	-0.4397	1.143	1.326
86	DLNP_86	-0.4739	0.4164	0.6798
87	DLNP_87	-0.4813	1.04	0.4281
88	DLNP_88	-0.5622	0.7794	0.3899
89	DLNP_89	-0.6278	0.5232	-0.04703
90	DLNP_90	-0.3087	1.257	0.1384
91	DLNP_91	-0.06788	0.9238	0.1185
92	DLNP_92	-0.2701	0.9109	0.2507
93	DLNP_93	-0.2838	0.9375	-0.00975
94	DLNP_94	-0.3032	0.6063	-0.1445
95	DLNP_95	-0.3238	1.388	0.5943
96	DLNP_96	-0.3088	1.115	0.8206
97	DLCT6b_97	-0.01083	0.5313	0.5095
98	DLCT6b_98	0.7517	-0.01376	1.392
99	DLCT6b_99	1.089	0.6545	1.627
100	DLCT6b_100	0.6772	1.047	1.294
101	DLCT6b_101	1.058	1.007	0.7734
102	DLCT6b_102	0.8038	0.7998	1.351
103	DLCT6b_103	0.8543	0.7127	1.475
104	DLCT6b_104	0.8671	0.8208	1.275
105	DLCT6b_105	1.452	0.5544	0.9707
106	DLCT6b_106	1.231	-0.01859	0.6133
107	DLCT6b_107	0.5918	-0.3243	0.5503
108	DLCT6b_108	0.8636	1.03	0.6076
109	DLCT6b_109	1.142	1.243	0.6366
110	DLCT6b_110	1.264	1.537	0.9619
111	DLCT6b_111	0.581	1.072	0.9593
112	DLCT6b_112	0.9644	0.7094	0.8058
113	L5ET_113	-0.1355	-0.9758	0.1959
114	L5ET_114	-0.09564	-0.9391	0.4725
115	L5ET_115	-0.5672	-0.9988	-0.4394
116	Misc_116	0.3431	0.1175	1.506
117	L5ET_117	0.6365	0.6744	1.725
118	L5ET_118	0.09425	0.1291	0.7636
119	CA13_119	0.7796	0.6291	1.238
120	ULIT_120	1.734	1.382	0.8839
121	ULIT_121	1.954	0.953	0.6095
122	ULIT_122	1.498	1.054	0.3926
123	ULIT_123	1.134	1.072	-0.05274
124	ULIT_124	1.649	1.4	0.4995
125	ULIT_125	1.344	1.083	0.7924
126	ULIT_126	1.974	1.49	0.9016
127	ULIT_127	1.596	1.483	0.8206
128	ULIT_128	0.6681	0.6301	-0.02111
129	ULIT_129	1.257	0.9234	0.604
130	ULIT_130	0.6151	0.3819	0.3911
131	ULIT_131	0.4637	0.5093	0.1228
132	Misc_132	-0.09891	-0.07989	0.9499
133	ULIT_133	0.7867	0.008951	-0.5038
134	ULIT_134	0.8407	0.8066	0.1992
135	ULIT_135	1.597	1.715	1.086
136	DLIT_136	2.104	1.938	1.355
137	DLIT_137	1.269	1.174	1.755
138	ULIT_138	0.6865	0.5998	0.6782
139	DLIT_139	0.5652	0.929	0.4645
140	DLIT_140	0.117	0.1388	-0.2316
141	DLIT_141	0.3173	0.6576	-0.5194
142	DLIT_142	0.8094	0.6152	0.8845
143	DLIT_143	0.8738	1.182	1.169
144	DLIT_144	0.7098	0.752	0.5787
145	DLIT_145	1.023	0.7721	1.227
146	DLIT_146	1.622	1.527	1.679
147	DLIT_147	1.793	1.508	1.209
148	DLIT_148	1.922	1.482	0.6881
149	DLIT_149	1.404	0.94	0.4527
150	DLIT_150	1.886	1.439	0.3848
151	DLIT_151	2.042	1.856	0.7817
152	DLIT_152	1.976	1.941	1.457
153	Amex_153	2.014	1.19	0.4877
154	Amex_154	1.669	1.409	1.129
155	Amex_155	1.438	1.313	0.9502
156	Amex_156	1.1	0.6887	0.7847
157	Amex_157	1.5	0.8286	1.017
158	Amex_158	1.156	1.12	1.086
159	Amex_159	1.281	1.656	1.382
160	Amex_160	1.488	1.06	0.9632
161	Amex_161	1.627	1.247	0.5747
162	Amex_162	0.7151	0.9218	1.197
163	CA13_163	0.5394	0.5893	0.6257
164	Misc_164	0.7801	1.326	0.6599
165	Misc_165	0.582	1.234	1.365
166	Misc_166	0.6056	0.9894	1.433
167	Misc_167	1.037	0.8862	0.9575
168	Misc_168	1.294	1.117	1.07
169	CA13_169	1.453	0.7361	0.9254
170	Misc_170	0.8331	0.7783	1.545
171	Amex_171	1.347	1.389	0.4577
172	Amex_172	1.078	1.376	1.417
173	Amex_173	0.8543	1.684	1.166
174	Amex_174	1.683	0.9857	0.7193
175	Amex_175	1.846	1.482	1.329
176	Misc_176	0.737	1.388	1.278
177	Misc_177	0.5148	1.868	1.553
178	Misc_178	0.5488	1.795	1.781
179	CA13_179	0.9132	0.456	0.9624
180	CA13_180	0.8599	0	0.6471
181	CA13_181	0.8433	0.2777	0.6443
182	CA13_182	0.9628	0.458	0.7183
183	CA13_183	1.003	0.5943	1.005
184	CA13_184	1.046	0.332	0.614
185	CA13_185	0.9898	0.01864	0.7736
186	CA13_186	0.9815	0.3669	1.287
187	CA13_187	0.6937	0.1041	1.17
188	CA13_188	0.8849	0.4606	0.8083
189	CA13_189	0.665	0.5105	0.3066
190	CA4_190	0.5007	0.5439	0.5589
191	CA4_191	0.2203	0.4135	0.8413
192	CA4_192	-0.2014	-0.292	-0.06668
193	CA4_193	-0.4148	0.02546	-0.3841
194	CA4_194	-0.2591	0.2029	-0.3377
195	CA4_195	-0.3127	0.5883	-0.5102
196	CA4_196	0.321	0.9753	0.2255
197	CA4_197	0.4166	0.7192	0.03696
198	CA4_198	0.2051	1.23	-0.372
199	DG_199	0.3151	-0.162	-0.7562
200	DG_200	0.8888	0.3061	-0.2566
201	DG_201	1.057	0.2382	0
202	DG_202	0.6036	0.2843	0.2626
203	DG_203	1.257	0.6139	-0.3781
204	DG_204	0.8437	-0.2867	-0.9679
205	DG_205	0.9886	-0.2341	-0.4497
206	MSN_206	1.156	0.561	-0.362
207	MSN_207	0.9624	0.5528	0.09143
208	MSN_208	1.239	0.7028	0.3383
209	MSN_209	1.104	0.5765	0.08809
210	MSN_210	0.8377	0.3495	-0.0155
211	MSN_211	1.276	0.5399	0.1587
212	MSN_212	1.338	0.9065	0.2912
213	MSN_213	1.01	0.863	0.221
214	MSN_214	1.155	0.7125	0.2417
215	MSN_215	1.106	0.6328	-0.03186
216	MSN_216	1.469	0.923	0.8896
217	MSN_217	1.463	0.7074	0.4095
218	MSN_218	1	0.7258	0.7981
219	MSN_219	0.8335	0.244	0.05079
220	MSN_220	0.7582	0.9858	0.06116
221	MSN_221	1.396	1.555	0.03678
222	EMSN_222	1.56	1.184	-0.2044
223	EMSN_223	1.452	1.06	0.02314
224	EMSN_224	1.612	1.116	0.4759
225	EMSN_225	1.408	1.163	0.104
226	EMSN_226	1.314	0.6369	0.1873
227	EMSN_227	0.9608	0.3181	-0.2311
228	EMSN_228	1.51	0.8061	-0.0991
229	EMSN_229	0.6745	0.2439	0.2964
230	EMSN_230	0.7994	0.131	0.4955
231	EMSN_231	0.5662	0.301	0.4163
232	EMSN_232	0.4153	0.426	0.5831
233	EMSN_233	1.163	0.6745	0.2911
234	EMSN_234	1.566	0.5265	0.04592
235	Splat_235	-0.6053	-0.137	-0.4014
236	MGE_236	0.6315	-0.5464	0.9864
237	Splat_237	0.06419	0.001491	1.221
238	Splat_238	-0.05514	-0.5736	1.124
239	MGE_239	0.9267	-0.4477	-0.1698
240	MGE_240	0.9945	-0.5242	0.3065
241	MGE_241	0.1242	-0.01037	-0.8794
242	MGE_242	0.2136	0.2837	-0.5746
243	MGE_243	0.2072	-0.591	-0.4993
244	MGE_244	0.1887	0.2038	-0.5453
245	MGE_245	0.2962	0.4997	-0.3994
246	MGE_246	-0.2307	-0.1397	-0.2509
247	MGE_247	0.04497	-0.1431	0.2587
248	MGE_248	0.1623	-0.07749	-0.3635
249	MGE_249	-0.2771	0.6792	-0.0681
250	MGE_250	0.1686	0.515	0.09687
251	MGE_251	-0.1236	0.2281	-0.5262
252	MGE_252	0.2929	0.146	-0.41
253	MGE_253	0.1504	0.6802	0.1315
254	MGE_254	0.5736	-0.0784	0.03298
255	MGE_255	0.8369	0.1585	0.4288
256	MGE_256	0.7654	-0.3867	0.6876
257	MGE_257	1.13	-0.7943	1.002
258	MGE_258	1.055	-0.2738	0.9194
259	MGE_259	1.356	-0.577	0.6134
260	MGE_260	1.422	-0.6094	1
261	MGE_261	1.647	-0.9637	0.8192
262	MGE_262	1.516	-0.8466	0.7656
263	MGE_263	1.613	-1.046	0.7887
264	LLC_264	0.7687	-0.8046	1.293
265	LLC_265	0.4291	-0.02763	1.639
266	LLC_266	0.666	-0.2262	0.8483
267	LLC_267	-0.1157	-0.5145	0.1794
268	LLC_268	0.1459	-0.3624	0.3545
269	LLC_269	0.6118	-0.1906	0.7113
270	LLC_270	0.5053	-0.6365	0.5225
271	LLC_271	0.2804	-0.2753	0.4462
272	LLC_272	0.3462	-0.2076	0.7156
273	LLC_273	0.1058	0.1779	0.5791
274	LLC_274	0.301	-0.2105	0.6745
275	LLC_275	0.4958	-0.1643	0.4845
276	CGE_276	-0.1165	-0.6054	0.2707
277	CGE_277	0.3551	0.7134	1.028
278	CGE_278	0.2767	-0.1282	0.7907
279	CGE_279	-0.1112	0.2388	1.579
280	CGE_280	0.2109	0.2968	2.023
281	CGE_281	0.2615	1.012	2.164
282	CGE_282	0.6224	-0.1408	1.774
283	CGE_283	0.5916	0.6003	1.62
284	CGE_284	0.5453	0.676	1.313
285	CGE_285	0.508	0.5671	1.539
286	CGE_286	0.6123	0.07104	1.648
287	CGE_287	0.3735	-0.0665	0.5926
288	CGE_288	0.5499	-0.07806	0.68
289	CGE_289	0.3937	0.2161	0.8418
290	CGE_290	0.2307	0.2649	1.101
291	CGE_291	0.4818	0.3721	1.233
292	CGE_292	0.2832	-0.2843	1.346
293	CGE_293	0.3517	0.7382	1.813
294	CGE_294	0.1969	0.7126	1.494
295	CGE_295	0.2658	0.1955	1.36
296	CGE_296	0.3558	0.123	1.469
297	URL_297	0.7684	-0.3516	-1.181
298	CBI_298	-0.9303	-1.041	0.3832
299	CBI_299	-0.9817	-1.252	-0.4582
300	CBI_300	-0.6713	-1.024	0.06876
301	CBI_301	-0.4968	-0.2047	-0.9914
302	CBI_302	-0.3116	-0.3439	0.01468
303	CBI_303	0.1641	-0.3171	0.05596
304	CBI_304	0.2045	-0.305	0.8093
305	CBI_305	0.2053	0.0333	0.9513
306	CBI_306	-0.1911	-0.4695	0.7796
307	CBI_307	-0.2055	-0.6288	0.632
308	URL_308	-0.2895	0.5154	0.2136
309	URL_309	-0.2501	-0.4474	0.6752
310	URL_310	-1.053	-0.5295	1.23
311	URL_311	-0.8468	-0.1886	0.8819
312	URL_312	-1.006	-0.6675	0.8316
313	Splat_313	0.006101	0.5403	-0.2259
314	Misc_314	-1.351	-0.5845	-0.1954
315	LRL_315	-0.9805	-0.3297	0.1033
316	LRL_316	-0.6209	-1.069	-0.7534
317	LRL_317	-0.7305	-1.255	-0.2408
318	LRL_318	-0.6026	-1.404	-0.1067
319	LRL_319	-0.32	-1.168	-0.2267
320	LRL_320	-0.5543	-1.345	-0.2569
321	LRL_321	-0.5567	-1.091	-0.265
322	LRL_322	-0.004462	-0.2832	-0.3034
323	Mmb_323	-0.7862	-0.341	-1.05
324	Mmb_324	-1.101	-0.5207	-1.033
325	Mmb_325	-0.9022	-0.5878	-1.008
326	Mmb_326	-0.7596	-0.3144	-1.201
327	Mmb_327	-1.096	-0.2256	-1.105
328	Mmb_328	-0.6402	0.4109	-1.107
329	Mmb_329	-0.5866	0.4464	-1.114
330	Mmb_330	-0.8441	-0.2863	-1.222
331	Mmb_331	-1.119	0.1075	0.1618
332	Mmb_332	-0.8695	0.3695	-0.7293
333	Mmb_333	-0.3897	0.1712	-0.3477
334	Splat_334	0.1227	0.2591	-1.299
335	Splat_335	-0.956	-1.374	0.3697
336	Splat_336	-1.38	-1.03	-0.1057
337	Splat_337	0.3672	-0.07581	-0.4853
338	Splat_338	-0.6215	-1.135	-0.4461
339	Splat_339	-0.7146	-1.836	-0.4257
340	Splat_340	-0.6705	-0.4798	-0.8918
341	Splat_341	-0.831	-1.727	-1.037
342	Splat_342	-0.2564	-0.6989	-0.2097
343	Splat_343	0	-0.3548	0.4274
344	Splat_344	-0.5595	-0.3532	-0.1331
345	Splat_345	-0.4594	-0.5825	-0.7263
346	Splat_346	-0.02773	-0.144	1.553
347	Splat_347	-0.7425	-0.4976	0.4858
348	Splat_348	-0.8195	-0.2885	-0.04289
349	Splat_349	-1.41	-0.04989	-0.09345
350	Splat_350	-0.9586	-0.6107	-0.3837
351	Splat_351	-1.261	-1.053	-0.1623
352	Splat_352	-0.7064	-1.001	-0.05552
353	Splat_353	-0.9271	-0.5179	-0.8304
354	Splat_354	-0.596	-0.6989	-0.4087
355	Splat_355	-0.8449	-0.8064	-0.8207
356	Splat_356	-0.9682	-0.6891	-0.4812
357	Splat_357	-1.189	-0.7387	-1.522
358	Splat_358	-1.278	-0.7772	-0.7239
359	Splat_359	-1.252	-0.9464	-0.9856
360	Splat_360	-1.315	-0.9266	-0.2764
361	Splat_361	-0.7993	-0.951	-1.099
362	Splat_362	-0.7255	-0.8677	-1.24
363	Splat_363	-0.8597	-0.01646	-1.007
364	Splat_364	-0.4775	0.2774	-0.4669
365	Splat_365	-1.336	-1.086	-0.6288
366	Splat_366	-0.842	-0.8172	-0.6846
367	Splat_367	-0.8566	-0.8518	-0.7768
368	Splat_368	-1.098	-0.55	-0.7839
369	Splat_369	-0.9723	-0.7821	-0.9923
370	Splat_370	-0.5821	-0.9075	-0.36
371	Splat_371	-0.6092	-1.684	-1.103
372	Thex_372	-0.6943	-0.9633	-0.4517
373	Splat_373	-0.4968	-0.6199	-0.6805
374	Splat_374	-0.7403	-1.182	-1.468
375	Splat_375	-0.2479	0.2174	-1.057
376	Splat_376	0.04717	0.8426	-0.3092
377	Splat_377	-0.5194	1.42	-0.1236
378	Splat_378	-0.01059	1.996	0.1876
379	Splat_379	-0.8091	-1.33	-0.5055
380	Splat_380	-1.011	-1.146	-0.4951
381	Splat_381	-0.5088	-0.4595	-0.9983
382	Splat_382	-0.7614	0.5224	-0.1277
383	Splat_383	-0.5181	-0.7077	0.4019
384	Splat_384	-1.041	-0.5266	-0.2656
385	Splat_385	0.0566	0.6678	0.1541
386	Splat_386	-0.04834	0.06797	-0.4632
387	Splat_387	-0.1949	-0.453	-1.093
388	Splat_388	-0.7894	-0.3285	-0.783
389	Splat_389	-0.1981	-0.1553	-1.032
390	Splat_390	-0.5941	0.08306	-0.6238
391	Splat_391	-0.2171	-0.4926	0.1871
392	Splat_392	-0.7703	0.2409	-0.1211
393	Splat_393	-0.1469	-0.3627	-0.8019
394	Splat_394	-0.3602	-0.6721	-0.6728
395	Splat_395	-1.369	0.2702	-1.572
396	Splat_396	-0.5442	-0.1975	-0.2547
397	Splat_397	-1.091	-0.6104	0.7732
398	Splat_398	-1.027	0.0909	-0.4815
399	Splat_399	-1.228	-0.461	-1.348
400	Splat_400	-1.085	1.225	0.6329
401	Misc_401	0.1377	0.3333	1.352
402	Splat_402	1.77	0.8636	-0.4997
403	Splat_403	1.067	1.312	-0.279
404	Misc_404	1.322	1.058	0.7792
405	Amex_405	1.116	1.009	1.721
406	Amex_406	0.5936	1.131	0.329
407	Amex_407	0.4248	1.194	-0.02546
408	Amex_408	-0.2766	0.02954	-0.7919
409	Splat_409	-0.441	0.2016	0.5346
410	Splat_410	-0.5468	1.087	-0.9166
411	Splat_411	-0.004913	0.03273	0.4989
412	Splat_412	0.05435	1.079	0.5047
413	Splat_413	-0.5952	0.23	-0.07558
414	Splat_414	-0.583	0.1315	-0.5653
415	Splat_415	0.1585	0.9166	-0.2203
416	Splat_416	-0.2211	1.078	-0.2412
417	Splat_417	0.1125	1.091	-0.1044
418	Splat_418	0.5517	1.868	0.2369
419	Amex_419	0.9982	1.46	0.5775
420	Splat_420	0.3063	1.465	0.01308
421	Splat_421	0.5034	1.071	0.144
422	Splat_422	-0.3836	1.036	-0.4843
423	Splat_423	0.7521	0.4558	0.6133
424	Splat_424	0.2692	0.5562	-0.4147
425	Splat_425	0.6386	0.49	0.04425
426	EMSN_426	1.35	0.9502	0.6115
427	MSN_427	0.5831	1.084	0.2891
428	Splat_428	0.1583	1.62	0.5629
429	Splat_429	-0.009834	1.987	-0.09409
430	MSN_430	1.09	0.7923	-0.3346
431	Splat_431	-0.08342	0.4115	-0.4381
432	Splat_432	-0.3724	-0.06951	0.717
433	Midi_433	-0.7424	0.1205	-0.3542
434	Midi_434	-0.3733	-1.026	-0.9568
435	Midi_435	-0.3574	-0.5144	-0.4834
436	Midi_436	-0.5768	-0.76	-0.9993
437	Midi_437	-0.6125	-0.3698	-0.8057
438	Midi_438	-0.3577	-0.446	-0.6352
439	Midi_439	-0.2395	-0.04934	-0.362
440	Midi_440	-0.3806	-0.2976	-0.7432
441	Midi_441	-0.3805	-0.5017	-0.7313
442	Midi_442	-0.5241	-0.9569	-1.044
443	Midi_443	-0.6888	-0.8853	-1.055
444	Midi_444	-0.5431	-0.4339	-0.7659
445	Thex_445	-1.033	-0.7733	-0.05875
446	Thex_446	-1.113	-1.199	-0.001381
447	Thex_447	-1.045	-1.122	-0.7012
448	Thex_448	-0.004655	-0.7798	0.651
449	Thex_449	-0.4164	-0.8341	0.0695
450	Thex_450	-0.4344	-0.3598	-0.1008
451	Thex_451	-0.2733	0.004822	0.01326
452	Thex_452	-0.6245	-1.383	-0.1401
453	Thex_453	-0.3455	-0.6864	0.2488
454	Thex_454	-0.5814	-0.5073	-0.1467
455	Thex_455	0.04694	-0.01298	0.8693
456	Thex_456	-0.103	-0.5428	-0.01585
457	Thex_457	0.1057	0.5777	0.2724
458	Thex_458	-0.03358	0.08292	0.3758
459	Thex_459	0.2502	0.3641	1.16
460	Thex_460	0.1112	-0.8215	1.351
