cluster_id	cluster	s_panel19	s_plus_pain	s_plus_pain_fibro
0	Bcell_0	-0.5617	-0.537	-0.5197
1	Tcell_1	-0.6145	-0.571	-0.5774
2	Nkcell_2	-0.5227	-0.4927	-0.4914
3	Mono_3	-0.353	-0.3214	-0.3075
4	Mgl_4	-0.4417	-0.4287	-0.4103
5	Mgl_5	-0.539	-0.5315	-0.5266
6	Mgl_6	-0.4552	-0.4447	-0.4397
7	Mgl_7	-0.4797	-0.4667	-0.4599
8	Mgl_8	-0.5379	-0.5279	-0.5261
9	Mgl_9	-0.4879	-0.481	-0.4751
10	Mgl_10	-0.5473	-0.5366	-0.5322
11	Mgl_11	-0.5341	-0.5261	-0.5244
12	Mgl_12	-0.4035	-0.3839	-0.3802
13	VendPLVAP_13	-0.6172	-0.597	-0.6087
14	VendAC_14	-0.6519	-0.6101	-0.6091
15	VendC_15	-0.6116	-0.55	-0.5422
16	VendVC_16	-0.7157	-0.6763	-0.6841
17	VendV_17	-0.6286	-0.6094	-0.5944
18	VendA_18	-0.6871	-0.6661	-0.6595
19	Vsmc_19	-0.7999	-0.7894	-0.7854
20	Vsmc_20	-0.8082	-0.7848	-0.7619
21	Per_21	-0.813	-0.7573	-0.7338
22	Per_22	-0.7931	-0.7446	-0.7252
23	Per_23	-0.6917	-0.6704	-0.677
24	Fbl_24	-0.5904	-0.5821	-0.5946
25	Fbl_25	-0.7073	-0.7026	-0.7125
26	Fbl_26	-0.6723	-0.6599	-0.6744
27	Fbl_27	-0.8641	-0.8551	-0.872
28	Fbl_28	-0.7803	-0.7601	-0.7698
29	Fbl_29	-0.3213	-0.3164	-0.324
30	Fbl_30	-0.2551	-0.2349	-0.2279
31	Fbl_31	-0.5774	-0.5628	-0.56
32	OPC_32	0.3631	0.3836	0.3856
33	OPC_33	0.1599	0.1652	0.1958
34	OPC_34	0.2289	0.2205	0.2267
35	OPC_35	0.1517	0.1379	0.1551
36	OPC_36	-0.2743	-0.2846	-0.2322
37	COP_37	0.306	0.3341	0.3537
38	COP_38	0.09691	0.1188	0.1694
39	COP_39	-0.1852	-0.1776	-0.09265
40	Oligo_40	-0.4926	-0.4528	-0.3581
41	COP_41	-0.3924	-0.3913	-0.2759
42	COP_42	-1.444	-1.421	-1.098
43	COP_43	-0.7401	-0.7502	-0.5461
44	Oligo_44	-0.5258	-0.5045	-0.3913
45	Oligo_45	-0.6266	-0.6042	-0.485
46	Oligo_46	-0.6291	-0.5976	-0.4673
47	Oligo_47	-0.6532	-0.6227	-0.4892
48	Oligo_48	-0.5148	-0.4637	-0.3446
49	Oligo_49	-0.5703	-0.5456	-0.4366
50	Oligo_50	-0.2655	-0.2215	-0.1481
51	Bgl_51	-0.5339	-0.4856	-0.4157
52	Astro_52	-0.02103	-0.004763	0.0482
53	Astro_53	0.02851	0.04109	0.07917
54	Astro_54	0.07572	0.09074	0.1315
55	Astro_55	0.1339	0.1324	0.1693
56	Astro_56	0.3483	0.3647	0.4278
57	Astro_57	-0.04042	-0.03051	0.01122
58	Astro_58	0.09988	0.1203	0.1705
59	Astro_59	-0.3494	-0.3166	-0.2231
60	Astro_60	-0.02442	0.01138	0.08441
61	Astro_61	0.1591	0.18	0.2295
62	Astro_62	-0.05205	-0.01906	0.05298
63	Astro_63	-0.05656	-0.03578	0.02566
64	Astro_64	0.1541	0.1908	0.2323
65	Epen_65	0.1223	0.141	0.1894
66	Epen_66	0.05068	0.07974	0.1226
67	Epen_67	-0.3684	-0.3586	-0.3286
68	Epen_68	-0.07315	-0.05548	-0.02064
69	Epen_69	-0.08616	-0.05711	0.001802
70	Epen_70	-0.2172	-0.2208	-0.1581
71	Epen_71	0.02071	0.03588	0.07649
72	Epen_72	-0.118	-0.1099	-0.06197
73	Epen_73	-0.1226	-0.1237	-0.07378
74	Epen_74	-0.1905	-0.1874	-0.1472
75	COP_75	-0.1188	-0.09552	-0.02663
76	Chrp_76	-0.3659	-0.3603	-0.3337
77	Chrp_77	-0.2608	-0.2547	-0.2372
78	Chrp_78	-0.3301	-0.3311	-0.3177
79	Chrp_79	-0.1352	-0.1342	-0.1184
80	Chrp_80	-0.2822	-0.2791	-0.2646
81	Chrp_81	-0.3486	-0.35	-0.339
82	Chrp_82	-0.1215	-0.1253	-0.1328
83	DLNP_83	-0.5366	-0.5859	-0.5831
84	DLCT6b_84	-0.414	-0.4575	-0.466
85	DLNP_85	-0.8244	-0.8733	-0.9154
86	DLNP_86	-0.8675	-0.9108	-0.9592
87	DLNP_87	-0.7963	-0.8481	-0.8811
88	DLNP_88	-0.8092	-0.8597	-0.8966
89	DLNP_89	-0.8847	-0.9272	-0.9383
90	DLNP_90	-0.9207	-0.9717	-0.9746
91	DLNP_91	-0.5781	-0.6244	-0.6202
92	DLNP_92	-0.5631	-0.6066	-0.6197
93	DLNP_93	-0.8087	-0.856	-0.8473
94	DLNP_94	-0.6198	-0.6586	-0.6495
95	DLNP_95	-0.5737	-0.6316	-0.668
96	DLNP_96	-0.4613	-0.5173	-0.561
97	DLCT6b_97	0.2178	0.1725	0.133
98	DLCT6b_98	0.3658	0.4028	0.3406
99	DLCT6b_99	0.761	0.7657	0.6859
100	DLCT6b_100	0.6614	0.5911	0.5
101	DLCT6b_101	0.8398	0.8092	0.8014
102	DLCT6b_102	0.7512	0.7225	0.6324
103	DLCT6b_103	0.5413	0.5351	0.4635
104	DLCT6b_104	0.8467	0.8154	0.7425
105	DLCT6b_105	1.253	1.275	1.258
106	DLCT6b_106	0.8715	0.9135	0.9236
107	DLCT6b_107	0.5557	0.5917	0.5758
108	DLCT6b_108	0.8311	0.779	0.7715
109	DLCT6b_109	1.161	1.081	1.081
110	DLCT6b_110	1.549	1.367	1.325
111	DLCT6b_111	0.7884	0.698	0.6351
112	DLCT6b_112	1.221	1.182	1.138
113	L5ET_113	-0.04201	0.0009875	-0.01486
114	L5ET_114	-0.08847	-0.03746	-0.06664
115	L5ET_115	-0.3745	-0.3363	-0.3344
116	Misc_116	0.06165	0.07348	0.003886
117	L5ET_117	0.4163	0.4012	0.3032
118	L5ET_118	-0.03438	-0.03637	-0.08674
119	CA13_119	0.4945	0.4912	0.436
120	ULIT_120	1.725	1.643	1.649
121	ULIT_121	2.385	2.351	2.383
122	ULIT_122	1.543	1.507	1.548
123	ULIT_123	0.7116	0.6914	0.7403
124	ULIT_124	1.422	1.365	1.408
125	ULIT_125	1.407	1.362	1.367
126	ULIT_126	1.669	1.606	1.622
127	ULIT_127	1.114	1.066	1.08
128	ULIT_128	0.3456	0.3387	0.3733
129	ULIT_129	0.9601	0.9538	0.9761
130	ULIT_130	0.2686	0.2812	0.2928
131	ULIT_131	0.009095	0.005613	0.02903
132	Misc_132	-0.4878	-0.4739	-0.5109
133	ULIT_133	0.522	0.5585	0.6103
134	ULIT_134	0.1172	0.1164	0.1518
135	ULIT_135	0.6905	0.6574	0.663
136	DLIT_136	0.9079	0.8792	0.8879
137	DLIT_137	0.8474	0.8203	0.7405
138	ULIT_138	0.2578	0.2557	0.2496
139	DLIT_139	0.121	0.09397	0.09792
140	DLIT_140	-0.4695	-0.4568	-0.4159
141	DLIT_141	-0.7025	-0.7108	-0.5761
142	DLIT_142	0.3858	0.3882	0.3721
143	DLIT_143	0.4786	0.4397	0.4057
144	DLIT_144	0.08766	0.08277	0.08874
145	DLIT_145	0.7838	0.776	0.726
146	DLIT_146	1.214	1.155	1.086
147	DLIT_147	1.127	1.093	1.089
148	DLIT_148	1.306	1.279	1.317
149	DLIT_149	0.8187	0.829	0.868
150	DLIT_150	2.072	1.961	2.018
151	DLIT_151	1.948	1.787	1.823
152	DLIT_152	2.126	1.882	1.807
153	Amex_153	3.096	2.914	2.972
154	Amex_154	2.306	2.089	2.002
155	Amex_155	1.366	1.295	1.283
156	Amex_156	2.102	2.013	1.911
157	Amex_157	2.776	2.631	2.444
158	Amex_158	1.446	1.349	1.276
159	Amex_159	1.288	1.134	1.059
160	Amex_160	2.648	2.438	2.318
161	Amex_161	2.613	2.37	2.38
162	Amex_162	0.8425	0.7847	0.7057
163	CA13_163	0.7719	0.7357	0.6995
164	Misc_164	0.6676	0.5752	0.5681
165	Misc_165	0.5095	0.4324	0.3551
166	Misc_166	0.7359	0.6633	0.5501
167	Misc_167	1.361	1.292	1.225
168	Misc_168	1.351	1.291	1.246
169	CA13_169	1.588	1.592	1.57
170	Misc_170	1.071	1.023	0.8693
171	Amex_171	1.429	1.319	1.341
172	Amex_172	1.006	0.9152	0.8348
173	Amex_173	1.011	0.8334	0.7663
174	Amex_174	1.812	1.771	1.774
175	Amex_175	2.529	2.274	2.131
176	Misc_176	0.8779	0.7629	0.6824
177	Misc_177	-0.02793	-0.1037	-0.1552
178	Misc_178	0.1112	0.02099	-0.05328
179	CA13_179	0.5339	0.5488	0.5279
180	CA13_180	0.7765	0.8097	0.7978
181	CA13_181	0.5974	0.6146	0.6087
182	CA13_182	0.94	0.9508	0.9367
183	CA13_183	0.834	0.8369	0.8032
184	CA13_184	1.045	1.063	1.057
185	CA13_185	0.6879	0.7256	0.7172
186	CA13_186	0.7902	0.8088	0.7457
187	CA13_187	0.4752	0.4985	0.4459
188	CA13_188	0.7247	0.7329	0.7132
189	CA13_189	0.5251	0.5173	0.5209
190	CA4_190	0.523	0.5021	0.4818
191	CA4_191	0.08444	0.07011	0.03034
192	CA4_192	-0.01662	-0.01033	-0.01857
193	CA4_193	-0.2032	-0.2279	-0.2243
194	CA4_194	-0.02748	-0.05829	-0.05159
195	CA4_195	-0.3375	-0.3862	-0.3593
196	CA4_196	-0.09383	-0.1318	-0.1225
197	CA4_197	0.2283	0.1967	0.2197
198	CA4_198	0.1082	0.04069	0.07217
199	DG_199	1.624	1.581	1.616
200	DG_200	1.736	1.699	1.737
201	DG_201	2.462	2.417	2.437
202	DG_202	1.717	1.649	1.597
203	DG_203	2.865	2.688	2.764
204	DG_204	1.957	1.962	2.021
205	DG_205	2.413	2.419	2.459
206	MSN_206	1.157	1.161	1.21
207	MSN_207	0.8304	0.8328	0.8646
208	MSN_208	1.281	1.273	1.3
209	MSN_209	1.205	1.201	1.237
210	MSN_210	0.8194	0.8293	0.8614
211	MSN_211	1.544	1.545	1.582
212	MSN_212	1.301	1.283	1.323
213	MSN_213	1.397	1.327	1.349
214	MSN_214	2.09	1.985	1.996
215	MSN_215	1.52	1.487	1.528
216	MSN_216	1.81	1.76	1.724
217	MSN_217	1.59	1.567	1.577
218	MSN_218	1.581	1.501	1.425
219	MSN_219	0.8665	0.8775	0.9001
220	MSN_220	1.226	1.114	1.133
221	MSN_221	1.374	1.252	1.3
222	EMSN_222	2.046	1.924	1.982
223	EMSN_223	1.984	1.867	1.917
224	EMSN_224	2.267	2.124	2.137
225	EMSN_225	1.793	1.68	1.727
226	EMSN_226	1.813	1.796	1.84
227	EMSN_227	1.292	1.29	1.328
228	EMSN_228	1.119	1.127	1.175
229	EMSN_229	0.4997	0.5147	0.526
230	EMSN_230	0.9641	0.9838	0.9719
231	EMSN_231	0.432	0.4366	0.4341
232	EMSN_232	0.5285	0.5105	0.4772
233	EMSN_233	1.544	1.512	1.533
234	EMSN_234	1.799	1.812	1.864
235	Splat_235	-0.4372	-0.4569	-0.4587
236	MGE_236	0.8244	0.8748	0.7914
237	Splat_237	-0.03658	-0.03036	-0.115
238	Splat_238	0.2884	0.3337	0.1663
239	MGE_239	0.7033	0.7544	0.8043
240	MGE_240	0.8383	0.8849	0.9168
241	MGE_241	-0.4921	-0.4632	-0.3418
242	MGE_242	0.2576	0.2451	0.2903
243	MGE_243	-0.5348	-0.412	-0.326
244	MGE_244	0.0872	0.08382	0.1331
245	MGE_245	0.3859	0.3591	0.3916
246	MGE_246	-0.148	-0.1496	-0.1447
247	MGE_247	0.5503	0.5479	0.512
248	MGE_248	-0.02646	-0.006006	0.0356
249	MGE_249	-0.5868	-0.6215	-0.6154
250	MGE_250	-0.3886	-0.3991	-0.3833
251	MGE_251	-0.519	-0.5302	-0.4769
252	MGE_252	0.2452	0.2515	0.2978
253	MGE_253	0.171	0.1284	0.1265
254	MGE_254	0.8451	0.8723	0.8907
255	MGE_255	1.323	1.347	1.336
256	MGE_256	1.142	1.189	1.134
257	MGE_257	1.535	1.535	1.45
258	MGE_258	1.362	1.415	1.348
259	MGE_259	1.814	1.675	1.711
260	MGE_260	1.857	1.691	1.667
261	MGE_261	1.902	1.741	1.757
262	MGE_262	1.65	1.55	1.57
263	MGE_263	1.476	1.435	1.451
264	LLC_264	0.8959	0.9347	0.8072
265	LLC_265	0.04106	0.07338	-0.01449
266	LLC_266	0.4999	0.546	0.5114
267	LLC_267	-0.3751	-0.326	-0.3403
268	LLC_268	0.357	0.3962	0.36
269	LLC_269	0.3888	0.4379	0.4156
270	LLC_270	0.2419	0.3209	0.3107
271	LLC_271	-0.2992	-0.2128	-0.2256
272	LLC_272	-0.007796	0.05222	0.012
273	LLC_273	-0.5207	-0.5126	-0.5429
274	LLC_274	0.07024	0.12	0.07776
275	LLC_275	0.3706	0.4185	0.408
276	CGE_276	0.2188	0.2506	0.2107
277	CGE_277	-0.2515	-0.2663	-0.2968
278	CGE_278	0.1649	0.1834	0.1484
279	CGE_279	-0.2079	-0.225	-0.2999
280	CGE_280	0.06513	0.05802	-0.04895
281	CGE_281	-0.03003	-0.0821	-0.1844
282	CGE_282	0.3284	0.3619	0.2705
283	CGE_283	0.3562	0.3456	0.2667
284	CGE_284	0.4004	0.3816	0.3286
285	CGE_285	1.075	1.011	0.8203
286	CGE_286	0.1909	0.2173	0.1449
287	CGE_287	-0.6009	-0.5161	-0.5235
288	CGE_288	-0.02385	0.0337	0.02148
289	CGE_289	0.3406	0.3412	0.3048
290	CGE_290	0.3154	0.3046	0.2426
291	CGE_291	0.8497	0.825	0.7061
292	CGE_292	0.6174	0.6352	0.5164
293	CGE_293	0.4842	0.4438	0.3337
294	CGE_294	0.374	0.3295	0.2377
295	CGE_295	0.3895	0.3826	0.2978
296	CGE_296	0.156	0.1636	0.1017
297	URL_297	0.8833	0.918	0.9668
298	CBI_298	-0.5233	-0.5001	-0.5403
299	CBI_299	-0.5034	-0.4716	-0.4835
300	CBI_300	-0.3203	-0.2914	-0.3187
301	CBI_301	-0.4159	-0.4212	-0.3765
302	CBI_302	-0.3188	-0.3077	-0.3202
303	CBI_303	-0.4151	-0.3747	-0.3588
304	CBI_304	-0.5427	-0.4836	-0.5053
305	CBI_305	-0.4343	-0.4109	-0.4365
306	CBI_306	-0.8615	-0.799	-0.8275
307	CBI_307	-0.4996	-0.4592	-0.4835
308	URL_308	-0.5377	-0.5652	-0.5772
309	URL_309	0.2841	0.2908	0.2082
310	URL_310	-1.31	-1.279	-1.329
311	URL_311	-1.249	-1.233	-1.275
312	URL_312	-1.11	-1.078	-1.121
313	Splat_313	-0.2761	-0.2921	-0.2736
314	Misc_314	-1.11	-1.116	-1.144
315	LRL_315	-0.4507	-0.4731	-0.512
316	LRL_316	-0.08453	-0.06259	-0.05545
317	LRL_317	-0.2836	-0.2505	-0.2646
318	LRL_318	-0.106	-0.06669	-0.08593
319	LRL_319	0.07518	0.1126	0.1054
320	LRL_320	-0.05982	-0.02232	-0.03465
321	LRL_321	-0.04321	-0.01475	-0.02875
322	LRL_322	0.3628	0.3676	0.3734
323	Mmb_323	-1.016	-1.019	-0.9334
324	Mmb_324	-1.233	-1.238	-1.177
325	Mmb_325	-1.002	-0.9938	-0.933
326	Mmb_326	-0.6753	-0.6879	-0.6188
327	Mmb_327	-1.297	-1.325	-1.241
328	Mmb_328	-1.288	-1.326	-1.162
329	Mmb_329	-1.212	-1.245	-1.093
330	Mmb_330	-0.7638	-0.7794	-0.7113
331	Mmb_331	-0.8061	-0.8461	-0.8862
332	Mmb_332	-0.9092	-0.9485	-0.919
333	Mmb_333	-0.07006	-0.09874	-0.09861
334	Splat_334	-0.1021	-0.1117	0.01398
335	Splat_335	-0.2459	-0.209	-0.2734
336	Splat_336	-0.6504	-0.6558	-0.704
337	Splat_337	0.9662	0.9668	0.9971
338	Splat_338	-0.09784	-0.0654	-0.07344
339	Splat_339	0.2424	0.2887	0.2653
340	Splat_340	-0.168	-0.1755	-0.1572
341	Splat_341	0.004623	0.04249	0.04999
342	Splat_342	0.1978	0.2111	0.2038
343	Splat_343	0.8789	0.8758	0.7899
344	Splat_344	-0.03139	-0.04343	-0.06797
345	Splat_345	0.2107	0.213	0.224
346	Splat_346	0.8195	0.797	0.5843
347	Splat_347	-0.06448	-0.07541	-0.131
348	Splat_348	-0.5087	-0.5305	-0.5645
349	Splat_349	-1.522	-1.578	-1.63
350	Splat_350	-0.6136	-0.6213	-0.6439
351	Splat_351	-0.2701	-0.2772	-0.3312
352	Splat_352	-0.4906	-0.4446	-0.4799
353	Splat_353	-0.5113	-0.5294	-0.5221
354	Splat_354	-0.0586	-0.05054	-0.06087
355	Splat_355	-0.4309	-0.4209	-0.4108
356	Splat_356	-0.1853	-0.1971	-0.2197
357	Splat_357	-0.6617	-0.6758	-0.6185
358	Splat_358	-0.8785	-0.8909	-0.9074
359	Splat_359	-0.9956	-0.9859	-0.9734
360	Splat_360	-1.482	-1.455	-1.504
361	Splat_361	-0.2083	-0.1911	-0.1637
362	Splat_362	0.09097	0.09828	0.1289
363	Splat_363	-0.7156	-0.7579	-0.7119
364	Splat_364	-0.4073	-0.439	-0.4272
365	Splat_365	-0.8606	-0.8511	-0.8792
366	Splat_366	0.03339	0.03105	0.02102
367	Splat_367	-0.2379	-0.2319	-0.2311
368	Splat_368	-0.4356	-0.4604	-0.4699
369	Splat_369	-0.3094	-0.3147	-0.3049
370	Splat_370	0.07029	0.09092	0.07337
371	Splat_371	-0.916	-0.6447	-0.5598
372	Thex_372	0.1138	0.1276	0.1093
373	Splat_373	0.3354	0.3346	0.338
374	Splat_374	-0.2461	-0.2091	-0.1559
375	Splat_375	-0.2048	-0.2407	-0.1511
376	Splat_376	0.3397	0.2965	0.3017
377	Splat_377	-0.4465	-0.5033	-0.5077
378	Splat_378	-0.1297	-0.213	-0.2172
379	Splat_379	0.05909	0.09429	0.07032
380	Splat_380	-0.4513	-0.4262	-0.4496
381	Splat_381	0.02563	0.02209	0.04916
382	Splat_382	-0.3826	-0.4411	-0.4689
383	Splat_383	-0.09392	-0.08285	-0.1197
384	Splat_384	-0.7877	-0.7967	-0.8212
385	Splat_385	0.214	0.1728	0.1633
386	Splat_386	-0.2969	-0.2981	-0.255
387	Splat_387	0.6937	0.6877	0.7182
388	Splat_388	-0.2979	-0.317	-0.309
389	Splat_389	0.5657	0.5436	0.5773
390	Splat_390	-0.1001	-0.1421	-0.1366
391	Splat_391	0.02136	0.03679	0.01289
392	Splat_392	-0.2722	-0.3147	-0.3394
393	Splat_393	0.1858	0.1939	0.2253
394	Splat_394	0.1813	0.1958	0.2097
395	Splat_395	-1.319	-1.372	-1.252
396	Splat_396	-0.1508	-0.1639	-0.1738
397	Splat_397	-1.479	-1.468	-1.484
398	Splat_398	-0.6407	-0.6873	-0.7052
399	Splat_399	-0.8521	-0.8751	-0.8271
400	Splat_400	-2.021	-2.058	-2.12
401	Misc_401	0.1976	0.1818	0.1114
402	Splat_402	2.445	2.395	2.433
403	Splat_403	0.5778	0.5402	0.5866
404	Misc_404	0.6592	0.6516	0.6596
405	Amex_405	0.6637	0.647	0.5824
406	Amex_406	0.4496	0.4006	0.4039
407	Amex_407	1.065	0.901	0.9017
408	Amex_408	0.05747	0.03948	0.06497
409	Splat_409	-0.2156	-0.2434	-0.2841
410	Splat_410	-0.5547	-0.6064	-0.5617
411	Splat_411	0.05234	0.04892	0.02036
412	Splat_412	0.351	0.2802	0.25
413	Splat_413	-0.01734	-0.05791	-0.08147
414	Splat_414	-0.2852	-0.3104	-0.3031
415	Splat_415	-0.1992	-0.2315	-0.2051
416	Splat_416	-0.6643	-0.7063	-0.6798
417	Splat_417	-0.4229	-0.4617	-0.434
418	Splat_418	0.4284	0.3256	0.3325
419	Amex_419	1.457	1.285	1.249
420	Splat_420	0.5577	0.4676	0.4673
421	Splat_421	0.6741	0.5997	0.6038
422	Splat_422	-0.3164	-0.3693	-0.3538
423	Splat_423	1.047	1.018	0.9815
424	Splat_424	0.6584	0.6119	0.6327
425	Splat_425	0.9244	0.8962	0.905
426	EMSN_426	1.585	1.513	1.491
427	MSN_427	0.8329	0.753	0.7453
428	Splat_428	0.1422	0.08347	0.06756
429	Splat_429	0.07447	-0.01803	-0.01409
430	MSN_430	1.779	1.681	1.734
431	Splat_431	0.5847	0.5302	0.5339
432	Splat_432	-0.2023	-0.2204	-0.2835
433	Midi_433	-1.12	-1.155	-1.146
434	Midi_434	-0.5474	-0.4531	-0.3824
435	Midi_435	-0.7418	-0.6906	-0.65
436	Midi_436	-0.7275	-0.678	-0.606
437	Midi_437	-1.481	-1.428	-1.283
438	Midi_438	-0.9888	-0.9246	-0.8353
439	Midi_439	-0.7254	-0.719	-0.6787
440	Midi_440	-0.8573	-0.8318	-0.7468
441	Midi_441	-0.6449	-0.6071	-0.5446
442	Midi_442	-0.5631	-0.4986	-0.4337
443	Midi_443	-1.016	-0.9359	-0.845
444	Midi_444	-0.6913	-0.6765	-0.6307
445	Thex_445	-1.005	-0.9777	-0.9982
446	Thex_446	-0.6683	-0.639	-0.6681
447	Thex_447	-0.9452	-0.893	-0.8861
448	Thex_448	-0.06234	-0.007915	-0.04907
449	Thex_449	-0.7155	-0.6344	-0.6555
450	Thex_450	-1.176	-1.124	-1.122
451	Thex_451	-1.032	-1.032	-1.033
452	Thex_452	-0.4029	-0.3239	-0.3466
453	Thex_453	-0.2548	-0.217	-0.2552
454	Thex_454	-0.8841	-0.8569	-0.876
455	Thex_455	0.1485	0.1483	0.09399
456	Thex_456	0.4054	0.4292	0.409
457	Thex_457	-0.1784	-0.2089	-0.2163
458	Thex_458	-0.1353	-0.1403	-0.1654
459	Thex_459	0.4567	0.4349	0.3555
460	Thex_460	0.2639	0.3033	0.219
