cluster_id	cluster_name	z	P
0	Bcell_0	1.1544	0.12416
1	Tcell_1	1.6432	0.05017
2	Nkcell_2	2.1828	0.014527
3	Mono_3	0.99142	0.16074
4	Mgl_4	0.93137	0.17583
5	Mgl_5	0.40024	0.34449
6	Mgl_6	0.76973	0.22073
7	Mgl_7	0.69589	0.24325
8	Mgl_8	1.0995	0.13578
9	Mgl_9	0.50477	0.30686
10	Mgl_10	0.6732	0.25041
11	Mgl_11	0.65452	0.25639
12	Mgl_12	0.70408	0.24069
13	VendPLVAP_13	0.15117	0.43992
14	VendAC_14	0.029758	0.48813
15	VendC_15	-0.24412	0.59643
16	VendVC_16	-0.081254	0.53238
17	VendV_17	0.50201	0.30783
18	VendA_18	0.50093	0.30821
19	Vsmc_19	-0.30958	0.62156
20	Vsmc_20	-0.008297	0.50331
21	Per_21	-0.52075	0.69873
22	Per_22	-0.49823	0.69084
23	Per_23	-0.76771	0.77867
24	Fbl_24	-0.68516	0.75338
25	Fbl_25	0.21229	0.41594
26	Fbl_26	-0.5479	0.70812
27	Fbl_27	-0.38362	0.64937
28	Fbl_28	-0.19811	0.57852
29	Fbl_29	-1.2312	0.89087
30	Fbl_30	-0.71832	0.76372
31	Fbl_31	-0.75059	0.77355
32	OPC_32	-1.0965	0.86356
33	OPC_33	-0.58382	0.72033
34	OPC_34	-0.37191	0.64502
35	OPC_35	-0.43795	0.66929
36	OPC_36	0.47408	0.31772
37	COP_37	-0.74552	0.77202
38	COP_38	-0.81912	0.79364
39	COP_39	-0.10512	0.54186
40	Oligo_40	1.0313	0.1512
41	COP_41	2.2004	0.013891
42	COP_42	1.3921	0.081953
43	COP_43	1.2822	0.099878
44	Oligo_44	1.0234	0.15307
45	Oligo_45	1.0425	0.1486
46	Oligo_46	1.1225	0.13083
47	Oligo_47	1.0117	0.15584
48	Oligo_48	0.82238	0.20543
49	Oligo_49	0.7202	0.2357
50	Oligo_50	0.52153	0.301
51	Bgl_51	0.02018	0.49195
52	Astro_52	-0.66702	0.74762
53	Astro_53	-0.82221	0.79452
54	Astro_54	-0.93906	0.82615
55	Astro_55	-0.39631	0.65406
56	Astro_56	-0.81007	0.79105
57	Astro_57	-0.68999	0.7549
58	Astro_58	-0.34678	0.63562
59	Astro_59	-0.28545	0.61235
60	Astro_60	-0.65507	0.74379
61	Astro_61	-1.0642	0.85637
62	Astro_62	-0.88048	0.8107
63	Astro_63	-0.8139	0.79215
64	Astro_64	-1.2483	0.89404
65	Epen_65	-0.83681	0.79865
66	Epen_66	-1.5115	0.93467
67	Epen_67	-1.1561	0.87618
68	Epen_68	-1.8118	0.96499
69	Epen_69	-1.7656	0.96127
70	Epen_70	-0.73028	0.76739
71	Epen_71	-1.0887	0.86185
72	Epen_72	-1.6534	0.95088
73	Epen_73	-1.298	0.90285
74	Epen_74	-0.86172	0.80558
75	COP_75	-0.39511	0.65362
76	Chrp_76	0.20466	0.41892
77	Chrp_77	-0.29086	0.61442
78	Chrp_78	-0.193	0.57652
79	Chrp_79	-0.00020053	0.50008
80	Chrp_80	-0.05176	0.52064
81	Chrp_81	-0.29879	0.61745
82	Chrp_82	-0.30341	0.61921
83	DLNP_83	0.64427	0.2597
84	DLCT6b_84	0.16831	0.43317
85	DLNP_85	1.0048	0.1575
86	DLNP_86	0.7102	0.23879
87	DLNP_87	0.8692	0.19237
88	DLNP_88	0.70213	0.2413
89	DLNP_89	1.5011	0.066665
90	DLNP_90	1.7722	0.03818
91	DLNP_91	0.80361	0.21081
92	DLNP_92	0.77453	0.21931
93	DLNP_93	1.3323	0.091382
94	DLNP_94	0.89666	0.18495
95	DLNP_95	1.2588	0.10406
96	DLNP_96	0.28472	0.38793
97	DLCT6b_97	-0.41235	0.65996
98	DLCT6b_98	0.44387	0.32857
99	DLCT6b_99	0.36654	0.35698
100	DLCT6b_100	0.91708	0.17955
101	DLCT6b_101	0.071173	0.47163
102	DLCT6b_102	-0.10182	0.54055
103	DLCT6b_103	0.3681	0.3564
104	DLCT6b_104	-0.41077	0.65938
105	DLCT6b_105	-0.13651	0.55429
106	DLCT6b_106	0.11228	0.4553
107	DLCT6b_107	1.4907	0.068016
108	DLCT6b_108	1.7912	0.03663
109	DLCT6b_109	1.4766	0.069891
110	DLCT6b_110	1.331	0.091594
111	DLCT6b_111	0.49095	0.31173
112	DLCT6b_112	0.61681	0.26868
113	L5ET_113	0.11849	0.45284
114	L5ET_114	0.1778	0.42944
115	L5ET_115	0.69215	0.24442
116	Misc_116	0.41549	0.33889
117	L5ET_117	0.71081	0.2386
118	L5ET_118	0.23372	0.4076
119	CA13_119	0.45013	0.32631
120	ULIT_120	1.0888	0.13813
121	ULIT_121	0.039766	0.48414
122	ULIT_122	0.86657	0.19309
123	ULIT_123	1.5866	0.056297
124	ULIT_124	1.074	0.14142
125	ULIT_125	0.79434	0.2135
126	ULIT_126	0.64504	0.25945
127	ULIT_127	0.30257	0.38111
128	ULIT_128	1.062	0.14412
129	ULIT_129	0.7662	0.22178
130	ULIT_130	0.3208	0.37418
131	ULIT_131	1.2416	0.1072
132	Misc_132	1.7752	0.037935
133	ULIT_133	1.0224	0.15329
134	ULIT_134	0.58183	0.28034
135	ULIT_135	1.1041	0.13478
136	DLIT_136	1.7996	0.03596
137	DLIT_137	1.4502	0.073501
138	ULIT_138	1.124	0.1305
139	DLIT_139	0.66865	0.25186
140	DLIT_140	0.89109	0.18644
141	DLIT_141	0.8677	0.19278
142	DLIT_142	-0.064339	0.52565
143	DLIT_143	-0.30335	0.61919
144	DLIT_144	0.070093	0.47206
145	DLIT_145	-0.76986	0.77931
146	DLIT_146	1.1412	0.12689
147	DLIT_147	0.52762	0.29888
148	DLIT_148	0.26828	0.39424
149	DLIT_149	0.90997	0.18142
150	DLIT_150	1.7594	0.039254
151	DLIT_151	1.8465	0.03241
152	DLIT_152	1.2342	0.10857
153	Amex_153	-0.10343	0.54119
154	Amex_154	-0.51039	0.69511
155	Amex_155	0.10006	0.46015
156	Amex_156	-0.078111	0.53113
157	Amex_157	-0.42338	0.66399
158	Amex_158	-0.22161	0.58769
159	Amex_159	-0.48359	0.68566
160	Amex_160	-0.31777	0.62467
161	Amex_161	-0.82544	0.79544
162	Amex_162	-1.1188	0.86839
163	CA13_163	0.17648	0.42996
164	Misc_164	-0.47445	0.68241
165	Misc_165	-0.20281	0.58036
166	Misc_166	0.044733	0.48216
167	Misc_167	-0.0045871	0.50183
168	Misc_168	0.90716	0.18216
169	CA13_169	0.23228	0.40816
170	Misc_170	0.085631	0.46588
171	Amex_171	-0.34268	0.63408
172	Amex_172	-0.40255	0.65636
173	Amex_173	-0.59237	0.7232
174	Amex_174	-0.32096	0.62588
175	Amex_175	-0.17116	0.56795
176	Misc_176	-0.30577	0.62011
177	Misc_177	-0.1599	0.56352
178	Misc_178	0.47246	0.3183
179	CA13_179	0.34667	0.36442
180	CA13_180	-0.23963	0.59469
181	CA13_181	-0.082939	0.53305
182	CA13_182	-0.27789	0.60945
183	CA13_183	-0.037508	0.51496
184	CA13_184	-0.48336	0.68558
185	CA13_185	0.24688	0.4025
186	CA13_186	0.32072	0.37421
187	CA13_187	0.35929	0.35969
188	CA13_188	0.61548	0.26912
189	CA13_189	-0.38951	0.65155
190	CA4_190	-0.20499	0.58121
191	CA4_191	-0.34023	0.63316
192	CA4_192	-0.84678	0.80144
193	CA4_193	-0.76949	0.7792
194	CA4_194	-0.84987	0.8023
195	CA4_195	-0.55099	0.70918
196	CA4_196	-0.14347	0.55704
197	CA4_197	-0.3349	0.63115
198	CA4_198	-0.28879	0.61363
199	DG_199	-2.0264	0.97864
200	DG_200	-1.0161	0.84521
201	DG_201	-0.82809	0.79619
202	DG_202	-0.16554	0.56574
203	DG_203	-0.44378	0.6714
204	DG_204	-1.2793	0.8996
205	DG_205	-1.5342	0.93751
206	MSN_206	0.3139	0.3768
207	MSN_207	0.54627	0.29244
208	MSN_208	0.53429	0.29657
209	MSN_209	0.51476	0.30336
210	MSN_210	0.29672	0.38334
211	MSN_211	0.17457	0.43071
212	MSN_212	0.63079	0.26409
213	MSN_213	0.73779	0.23032
214	MSN_214	-0.026824	0.5107
215	MSN_215	0.40307	0.34345
216	MSN_216	0.31432	0.37664
217	MSN_217	0.081078	0.46769
218	MSN_218	-1.0657	0.85673
219	MSN_219	-0.89438	0.81444
220	MSN_220	-0.56006	0.71228
221	MSN_221	1.2934	0.097938
222	EMSN_222	-0.20445	0.581
223	EMSN_223	-0.5422	0.70616
224	EMSN_224	-0.29724	0.61686
225	EMSN_225	0.1355	0.44611
226	EMSN_226	-0.68678	0.75389
227	EMSN_227	-0.39059	0.65195
228	EMSN_228	-0.55956	0.71211
229	EMSN_229	-0.49738	0.69054
230	EMSN_230	-0.74036	0.77046
231	EMSN_231	0.020756	0.49172
232	EMSN_232	-0.54519	0.70719
233	EMSN_233	-0.85788	0.80452
234	EMSN_234	-0.43002	0.66641
235	Splat_235	0.041196	0.48357
236	MGE_236	-1.2344	0.89147
237	Splat_237	-0.54939	0.70863
238	Splat_238	0.39403	0.34678
239	MGE_239	-0.60473	0.72732
240	MGE_240	-1.1732	0.87965
241	MGE_241	-0.83294	0.79756
242	MGE_242	-0.34521	0.63503
243	MGE_243	-0.86441	0.80632
244	MGE_244	-0.4857	0.68641
245	MGE_245	-1.6579	0.95133
246	MGE_246	-0.39701	0.65432
247	MGE_247	-0.63431	0.73706
248	MGE_248	-1.245	0.89344
249	MGE_249	-0.9945	0.84001
250	MGE_250	-0.32569	0.62767
251	MGE_251	0.24066	0.40491
252	MGE_252	-0.32347	0.62683
253	MGE_253	-0.66358	0.74652
254	MGE_254	-0.4408	0.67032
255	MGE_255	-0.42417	0.66428
256	MGE_256	-0.36346	0.64187
257	MGE_257	-1.1311	0.871
258	MGE_258	-0.84169	0.80002
259	MGE_259	-1.2291	0.89048
260	MGE_260	-0.46845	0.68027
261	MGE_261	-1.0323	0.84904
262	MGE_262	-1.0649	0.85655
263	MGE_263	-0.65396	0.74343
264	LLC_264	0.76791	0.22127
265	LLC_265	0.55152	0.29064
266	LLC_266	0.20829	0.4175
267	LLC_267	-0.7473	0.77256
268	LLC_268	-0.72848	0.76684
269	LLC_269	-1.1195	0.86854
270	LLC_270	0.02725	0.48913
271	LLC_271	-0.15188	0.56036
272	LLC_272	-0.50562	0.69344
273	LLC_273	-0.18912	0.575
274	LLC_274	0.056529	0.47746
275	LLC_275	0.59237	0.2768
276	CGE_276	-1.1831	0.88162
277	CGE_277	-0.89914	0.81571
278	CGE_278	-0.41746	0.66183
279	CGE_279	-0.34907	0.63648
280	CGE_280	0.29892	0.3825
281	CGE_281	0.35232	0.3623
282	CGE_282	0.77233	0.21996
283	CGE_283	-0.63069	0.73588
284	CGE_284	-0.33984	0.63301
285	CGE_285	-1.4445	0.9257
286	CGE_286	0.21329	0.41555
287	CGE_287	0.3681	0.3564
288	CGE_288	0.41664	0.33847
289	CGE_289	0.70765	0.23958
290	CGE_290	1.1325	0.12871
291	CGE_291	0.1645	0.43467
292	CGE_292	0.24652	0.40264
293	CGE_293	0.40364	0.34324
294	CGE_294	0.1418	0.44362
295	CGE_295	0.55444	0.28964
296	CGE_296	0.32899	0.37108
297	URL_297	0.54351	0.29339
298	CBI_298	-0.53299	0.70298
299	CBI_299	-0.36756	0.6434
300	CBI_300	-0.062104	0.52476
301	CBI_301	0.18081	0.42826
302	CBI_302	1.0033	0.15787
303	CBI_303	2.5663	0.0051388
304	CBI_304	2.1584	0.015449
305	CBI_305	1.6309	0.051457
306	CBI_306	2.0129	0.022063
307	CBI_307	1.3506	0.08841
308	URL_308	2.2874	0.011086
309	URL_309	1.0884	0.1382
310	URL_310	0.91678	0.17963
311	URL_311	0.84789	0.19825
312	URL_312	0.37573	0.35356
313	Splat_313	-1.229	0.89046
314	Misc_314	1.0521	0.14638
315	LRL_315	0.0033338	0.49867
316	LRL_316	-0.31985	0.62546
317	LRL_317	-0.60982	0.72901
318	LRL_318	-0.62024	0.73245
319	LRL_319	-0.55447	0.71037
320	LRL_320	-0.58808	0.72176
321	LRL_321	-0.29049	0.61428
322	LRL_322	0.37933	0.35222
323	Mmb_323	-1.3424	0.91026
324	Mmb_324	-0.83216	0.79734
325	Mmb_325	-0.90724	0.81786
326	Mmb_326	-0.73461	0.76871
327	Mmb_327	-0.86256	0.80581
328	Mmb_328	-0.57925	0.71879
329	Mmb_329	-0.1169	0.54653
330	Mmb_330	-0.53878	0.70498
331	Mmb_331	-0.7855	0.78392
332	Mmb_332	-0.91209	0.81914
333	Mmb_333	-1.768	0.96147
334	Splat_334	0.32735	0.3717
335	Splat_335	-0.33901	0.6327
336	Splat_336	-0.94199	0.8269
337	Splat_337	-2.3607	0.99088
338	Splat_338	-1.3002	0.90323
339	Splat_339	-1.0229	0.84682
340	Splat_340	-1.6961	0.95507
341	Splat_341	-0.54642	0.70761
342	Splat_342	-1.0237	0.84701
343	Splat_343	0.95203	0.17054
344	Splat_344	-0.32159	0.62612
345	Splat_345	-0.17131	0.56801
346	Splat_346	-1.6478	0.9503
347	Splat_347	-0.027301	0.51089
348	Splat_348	-0.34039	0.63322
349	Splat_349	-0.94908	0.82871
350	Splat_350	-0.56258	0.71314
351	Splat_351	0.15206	0.43957
352	Splat_352	-0.98277	0.83714
353	Splat_353	-1.4625	0.9282
354	Splat_354	-1.6897	0.95446
355	Splat_355	-0.40255	0.65636
356	Splat_356	-0.62246	0.73318
357	Splat_357	-1.7446	0.95947
358	Splat_358	-1.2429	0.89305
359	Splat_359	-0.44586	0.67215
360	Splat_360	0.12983	0.44835
361	Splat_361	-1.5247	0.93633
362	Splat_362	-1.2096	0.88678
363	Splat_363	-0.65089	0.74244
364	Splat_364	-0.31061	0.62195
365	Splat_365	-1.1839	0.88178
366	Splat_366	-1.1598	0.87694
367	Splat_367	-1.4816	0.93077
368	Splat_368	-1.5216	0.93595
369	Splat_369	-1.8131	0.96509
370	Splat_370	-0.72085	0.7645
371	Splat_371	-1.1195	0.86854
372	Thex_372	-1.9581	0.97489
373	Splat_373	-1.9705	0.97561
374	Splat_374	-0.9627	0.83215
375	Splat_375	-0.69662	0.75698
376	Splat_376	-1.622	0.9476
377	Splat_377	-1.0675	0.85713
378	Splat_378	-1.7055	0.95595
379	Splat_379	-1.0526	0.85374
380	Splat_380	-1.1141	0.86739
381	Splat_381	-0.8467	0.80142
382	Splat_382	-1.1331	0.87142
383	Splat_383	-0.5097	0.69487
384	Splat_384	-0.83574	0.79835
385	Splat_385	-1.0534	0.85391
386	Splat_386	-0.33864	0.63256
387	Splat_387	-1.0505	0.85326
388	Splat_388	-1.0177	0.84558
389	Splat_389	-0.67144	0.74903
390	Splat_390	-1.3522	0.91184
391	Splat_391	-1.1986	0.88466
392	Splat_392	-1.4443	0.92567
393	Splat_393	0.0074448	0.49703
394	Splat_394	-1.0802	0.85997
395	Splat_395	0.58272	0.28004
396	Splat_396	-0.95801	0.83097
397	Splat_397	-0.67037	0.74869
398	Splat_398	-0.54592	0.70744
399	Splat_399	-0.3761	0.64658
400	Splat_400	-0.03347	0.51335
401	Misc_401	-1.5592	0.94053
402	Splat_402	-0.86971	0.80777
403	Splat_403	1.4383	0.075172
404	Misc_404	0.72544	0.23409
405	Amex_405	0.027075	0.4892
406	Amex_406	-1.1966	0.88426
407	Amex_407	-1.2624	0.89659
408	Amex_408	2.0411	0.020618
409	Splat_409	1.0525	0.14628
410	Splat_410	0.01143	0.49544
411	Splat_411	0.19502	0.42269
412	Splat_412	-0.86049	0.80524
413	Splat_413	-1.3011	0.90339
414	Splat_414	-1.8065	0.96458
415	Splat_415	-0.56361	0.71349
416	Splat_416	-0.46535	0.67916
417	Splat_417	-0.96785	0.83344
418	Splat_418	-0.5962	0.72448
419	Amex_419	-1.0016	0.84174
420	Splat_420	-1.168	0.8786
421	Splat_421	0.13125	0.44779
422	Splat_422	-0.70331	0.75907
423	Splat_423	-0.44475	0.67175
424	Splat_424	-0.33453	0.63101
425	Splat_425	-0.32511	0.62745
426	EMSN_426	0.021659	0.49136
427	MSN_427	-0.60726	0.72816
428	Splat_428	-0.69263	0.75573
429	Splat_429	-0.1148	0.5457
430	MSN_430	-0.16493	0.5655
431	Splat_431	-1.0405	0.85095
432	Splat_432	-0.64733	0.74129
433	Midi_433	1.3169	0.093937
434	Midi_434	-0.11692	0.54654
435	Midi_435	-0.071223	0.52839
436	Midi_436	-0.46192	0.67793
437	Midi_437	-0.078513	0.53129
438	Midi_438	-0.14438	0.5574
439	Midi_439	0.24768	0.40219
440	Midi_440	-0.26569	0.60476
441	Midi_441	-0.40396	0.65688
442	Midi_442	-0.025019	0.50998
443	Midi_443	-0.021809	0.5087
444	Midi_444	-0.0040858	0.50163
445	Thex_445	0.46524	0.32088
446	Thex_446	0.29769	0.38297
447	Thex_447	0.32905	0.37106
448	Thex_448	0.087945	0.46496
449	Thex_449	0.60358	0.27306
450	Thex_450	0.50491	0.30681
451	Thex_451	0.77148	0.22021
452	Thex_452	0.40127	0.34411
453	Thex_453	0.088172	0.46487
454	Thex_454	0.58424	0.27953
455	Thex_455	0.42236	0.33638
456	Thex_456	0.43517	0.33172
457	Thex_457	0.61805	0.26827
458	Thex_458	0.32661	0.37198
459	Thex_459	-0.77869	0.78192
460	Thex_460	-0.22284	0.58817
