cluster_id	BETA	SE	P	z	fdr	s	k	P_gwas2	z_gwas2	s_gwas2	cluster_name	supercluster	called
0	-0.0070376	0.0091457	0.77919	-0.76946	0.99834	-0.88089	5	0.71015	-0.55382	-0.69643	Bcell_0	Miscellaneous	False
1	-0.0038659	0.0087677	0.67036	-0.44091	0.99834	-0.96089	5	0.84733	-1.025	-1.0949	Tcell_1	Miscellaneous	False
2	-0.00099998	0.00889	0.54478	-0.11248	0.97637	-0.76505	5	0.64944	-0.38381	-0.80973	Nkcell_2	Miscellaneous	False
3	0.0077086	0.0088991	0.19319	0.8662	0.66608	-0.41296	5	0.33534	0.42521	-0.59868	Mono_3	Miscellaneous	False
4	-0.0010523	0.0090213	0.54643	-0.11665	0.97637	-0.66459	5	0.65803	-0.40709	-0.71276	Mgl_4	Microglia	False
5	-0.0067146	0.0090098	0.77193	-0.74522	0.99834	-0.96364	5	0.7973	-0.83202	-0.88928	Mgl_5	Microglia	False
6	-0.0019131	0.0088608	0.58547	-0.21591	0.99834	-0.75863	5	0.55275	-0.13261	-0.65745	Mgl_6	Microglia	False
7	-0.0030244	0.0089271	0.63261	-0.33877	0.99834	-0.80373	5	0.68142	-0.47167	-0.78013	Mgl_7	Microglia	False
8	-0.0039531	0.0087888	0.67356	-0.44976	0.99834	-0.89085	5	0.69028	-0.49664	-0.82299	Mgl_8	Microglia	False
9	-0.0025482	0.0088822	0.6129	-0.28689	0.99834	-0.81205	5	0.65533	-0.39975	-0.78309	Mgl_9	Microglia	False
10	-0.0045469	0.0088671	0.69594	-0.51276	0.99834	-0.93732	5	0.75355	-0.6857	-0.91414	Mgl_10	Microglia	False
11	-0.0011791	0.0087405	0.55365	-0.13489	0.98245	-0.79203	5	0.52299	-0.057659	-0.70042	Mgl_11	Microglia	False
12	-0.0012698	0.0089047	0.55669	-0.14258	0.98245	-0.61484	5	0.51067	-0.026749	-0.51808	Mgl_12	Microglia	False
13	-0.011443	0.0093341	0.88988	-1.2259	0.99834	-1.3782	5	0.85169	-1.0437	-1.0719	VendPLVAP_13	Vascular	False
14	-0.0028641	0.008915	0.62599	-0.32125	0.99834	-1.3558	5	0.50538	-0.013486	-1.0253	VendAC_14	Vascular	False
15	-0.00041754	0.0088093	0.5189	-0.047393	0.95685	-1.1967	5	0.37863	0.30908	-0.90081	VendC_15	Vascular	False
16	-0.0056849	0.0088872	0.7388	-0.63965	0.99834	-1.2776	5	0.52337	-0.058613	-0.8694	VendVC_16	Vascular	False
17	-0.010343	0.0092012	0.8695	-1.124	0.99834	-1.1998	5	0.70106	-0.52745	-0.7758	VendV_17	Vascular	False
18	-0.010679	0.0089736	0.88298	-1.19	0.99834	-1.5197	5	0.77172	-0.74452	-1.08	VendA_18	Vascular	False
19	-0.020912	0.0090613	0.98949	-2.3076	0.99834	-2.0507	5	0.98595	-2.1959	-1.6429	Vsmc_19	Vascular	False
20	-0.01574	0.0088375	0.96253	-1.7808	0.99834	-1.8989	5	0.9432	-1.5822	-1.4874	Vsmc_20	Vascular	False
21	-0.011512	0.008826	0.90393	-1.3043	0.99834	-1.7999	5	0.86699	-1.1123	-1.4386	Per_21	Vascular	False
22	-0.0091483	0.0087746	0.85142	-1.0425	0.99834	-1.6899	5	0.77784	-0.76492	-1.3009	Per_22	Vascular	False
23	-0.013146	0.0091067	0.92556	-1.4435	0.99834	-1.4147	5	0.60238	-0.25951	-0.3652	Per_23	Vascular	False
24	-0.026725	0.0091007	0.99834	-2.9364	0.99834	-1.6585	5	0.99381	-2.5011	-1.0963	Fbl_24	Fibroblast	False
25	-0.02479	0.0088671	0.99741	-2.7956	0.99834	-1.6086	5	0.98265	-2.1118	-0.98845	Fbl_25	Fibroblast	False
26	-0.023254	0.0088314	0.99576	-2.6323	0.99834	-1.524	5	0.96971	-1.8765	-0.91005	Fbl_26	Fibroblast	False
27	-0.02533	0.0088056	0.99799	-2.8766	0.99834	-1.9431	5	0.98509	-2.1725	-1.2248	Fbl_27	Fibroblast	False
28	-0.023314	0.0089592	0.99536	-2.6016	0.99834	-1.9166	5	0.96718	-1.8409	-1.1539	Fbl_28	Fibroblast	False
29	-0.014231	0.0092573	0.93788	-1.5372	0.99834	-0.87221	5	0.80449	-0.85777	-0.32683	Fbl_29	Fibroblast	False
30	-0.0096709	0.0088404	0.863	-1.0939	0.99834	-0.60159	5	0.78372	-0.78482	-0.24372	Fbl_30	Fibroblast	False
31	-0.020834	0.0088571	0.99066	-2.3519	0.99834	-1.3275	5	0.96532	-1.8161	-0.80554	Fbl_31	Fibroblast	False
32	0.00018352	0.008962	0.49183	0.020481	0.95022	0.27314	5	0.21728	0.78141	0.73583	OPC_32	Oligodendrocyte precursor	False
33	-0.00050926	0.0086273	0.52353	-0.059015	0.95919	0.091387	5	0.25681	0.65321	0.58444	OPC_33	Oligodendrocyte precursor	False
34	0.0021813	0.0087093	0.40112	0.25045	0.89332	0.24273	5	0.15557	1.0128	0.67148	OPC_34	Oligodendrocyte precursor	False
35	0.0023897	0.0086343	0.39098	0.27677	0.88789	0.19562	5	0.138	1.0893	0.66168	OPC_35	Oligodendrocyte precursor	False
36	-0.0036304	0.0086093	0.66337	-0.42168	0.99834	-0.33322	5	0.50576	-0.014439	-0.0044022	OPC_36	Oligodendrocyte precursor	False
37	0.0055937	0.0085721	0.25703	0.65253	0.72251	0.36426	5	0.12087	1.1706	0.72366	COP_37	Committed oligodendrocyte precursor	False
38	0.0069678	0.0086052	0.20906	0.80969	0.69176	0.24976	5	0.15521	1.0143	0.35391	COP_38	Committed oligodendrocyte precursor	False
39	0.00086957	0.0088318	0.46078	0.098469	0.94409	-0.37402	5	0.62485	-0.31824	-0.60092	COP_39	Committed oligodendrocyte precursor	False
40	0.00016034	0.0086843	0.49263	0.018475	0.95022	-0.68044	5	0.59384	-0.23743	-0.7623	Oligo_40	Oligodendrocyte	False
41	0.0024747	0.0086265	0.38711	0.28686	0.88701	-0.42592	5	0.45753	0.10666	-0.48612	COP_41	Committed oligodendrocyte precursor	False
42	-0.0078311	0.0086791	0.81654	-0.90226	0.99834	-1.6938	5	0.90637	-1.3187	-1.7684	COP_42	Committed oligodendrocyte precursor	False
43	-0.0036584	0.0086742	0.6634	-0.42176	0.99834	-0.88824	5	0.66803	-0.43448	-0.7773	COP_43	Committed oligodendrocyte precursor	False
44	-0.00025297	0.0087038	0.51159	-0.029056	0.95635	-0.74842	5	0.61835	-0.30115	-0.82636	Oligo_44	Oligodendrocyte	False
45	-0.0014689	0.0087199	0.56688	-0.16844	0.98245	-0.84979	5	0.64208	-0.36402	-0.86877	Oligo_45	Oligodendrocyte	False
46	-0.0018825	0.0087145	0.58551	-0.21601	0.99834	-0.90112	5	0.66619	-0.42942	-0.92573	Oligo_46	Oligodendrocyte	False
47	-0.0022986	0.0087186	0.60397	-0.26364	0.99834	-0.93581	5	0.65853	-0.40845	-0.91359	Oligo_47	Oligodendrocyte	False
48	-0.00057972	0.0087521	0.52641	-0.066248	0.95919	-0.75823	5	0.57139	-0.17991	-0.73889	Oligo_48	Oligodendrocyte	False
49	-0.003166	0.0086581	0.64269	-0.36566	0.99834	-0.92581	5	0.76296	-0.71586	-1.0135	Oligo_49	Oligodendrocyte	False
50	-0.0001859	0.0088237	0.5084	-0.021057	0.95635	-0.4645	5	0.5689	-0.17357	-0.47794	Oligo_50	Oligodendrocyte	False
51	-0.0024239	0.0086835	0.60993	-0.27914	0.99834	-0.69162	5	0.29669	0.53394	-0.077134	Bgl_51	Bergmann glia	False
52	0.0077098	0.0087964	0.19039	0.87646	0.66608	0.16384	5	0.048552	1.6591	0.62801	Astro_52	Astrocyte	False
53	0.0055231	0.0088178	0.26555	0.62633	0.74193	0.18471	5	0.082805	1.3864	0.6569	Astro_53	Astrocyte	False
54	0.006143	0.0087916	0.24236	0.69873	0.70954	0.22061	5	0.076938	1.426	0.65139	Astro_54	Astrocyte	False
55	0.0060845	0.0087175	0.24261	0.69793	0.70954	0.25583	5	0.079325	1.4096	0.65825	Astro_55	Astrocyte	False
56	0.013588	0.0087189	0.05958	1.5583	0.34036	0.85922	5	0.012505	2.2412	1.1573	Astro_56	Astrocyte	False
57	0.0046319	0.0088471	0.3003	0.52354	0.78214	0.076883	5	0.11802	1.1849	0.48475	Astro_57	Astrocyte	False
58	0.0063113	0.0088837	0.23872	0.71043	0.70954	0.23437	5	0.082756	1.3868	0.65441	Astro_58	Astrocyte	False
59	0.0018474	0.0088907	0.4177	0.20778	0.9083	-0.27486	5	0.24048	0.70476	0.094942	Astro_59	Astrocyte	False
60	0.0062022	0.0087917	0.24027	0.70543	0.70954	0.16148	5	0.13149	1.1194	0.41614	Astro_60	Astrocyte	False
61	0.0061886	0.0088923	0.24324	0.69592	0.70954	0.34163	5	0.13537	1.1014	0.58522	Astro_61	Astrocyte	False
62	0.0033434	0.008909	0.35373	0.37527	0.85377	0.032299	5	0.22214	0.76499	0.34113	Astro_62	Astrocyte	False
63	2.0361e-05	0.0089436	0.49909	0.002281	0.95635	-0.088605	5	0.36493	0.34531	0.18805	Astro_63	Astrocyte	False
64	-0.00092385	0.009015	0.54081	-0.10247	0.97388	0.12441	5	0.36938	0.3335	0.45303	Astro_64	Astrocyte	False
65	-0.0041325	0.0090527	0.67598	-0.45649	0.99834	-0.067428	5	0.59544	-0.24156	0.18006	Epen_65	Ependymal	False
66	-0.006111	0.0087503	0.75752	-0.69835	0.99834	-0.30373	5	0.85105	-1.0409	-0.34543	Epen_66	Ependymal	False
67	-0.012182	0.0086583	0.92026	-1.4068	0.99834	-0.88756	5	0.9628	-1.7841	-0.86456	Epen_67	Ependymal	False
68	-0.0086892	0.0087635	0.83927	-0.99146	0.99834	-0.50525	5	0.86942	-1.1237	-0.39762	Epen_68	Ependymal	False
69	-0.0067288	0.0088042	0.77764	-0.76425	0.99834	-0.49201	5	0.87286	-1.14	-0.54669	Epen_69	Ependymal	False
70	-0.0081196	0.0087591	0.82302	-0.92694	0.99834	-0.54429	5	0.9207	-1.4098	-0.63941	Epen_70	Ependymal	False
71	-0.0043747	0.0087732	0.69098	-0.49863	0.99834	-0.2307	5	0.85818	-1.0722	-0.402	Epen_71	Ependymal	False
72	-0.0065226	0.0087917	0.77092	-0.74188	0.99834	-0.40677	5	0.8603	-1.0817	-0.44176	Epen_72	Ependymal	False
73	-0.007168	0.0087087	0.79476	-0.82305	0.99834	-0.44751	5	0.91616	-1.3797	-0.59511	Epen_73	Ependymal	False
74	-0.010024	0.0087201	0.87482	-1.1495	0.99834	-0.56876	5	0.91978	-1.4036	-0.50825	Epen_74	Ependymal	False
75	-0.0056019	0.008568	0.74338	-0.6538	0.99834	-0.38596	5	0.7755	-0.75708	-0.29825	COP_75	Committed oligodendrocyte precursor	False
76	-0.01394	0.0092683	0.9337	-1.5039	0.99834	-1.1593	5	0.98137	-2.0829	-1.2504	Chrp_76	Choroid plexus	False
77	-0.0063661	0.008738	0.76685	-0.72851	0.99834	-0.57352	5	0.88897	-1.2211	-0.69388	Chrp_77	Choroid plexus	False
78	-0.0093052	0.0087851	0.85523	-1.0591	0.99834	-0.73177	5	0.93339	-1.5015	-0.78477	Chrp_78	Choroid plexus	False
79	-0.0050942	0.0088486	0.71759	-0.5757	0.99834	-0.3699	5	0.85876	-1.0748	-0.51342	Chrp_79	Choroid plexus	False
80	-0.0076523	0.0087882	0.80804	-0.8707	0.99834	-0.57911	5	0.9062	-1.3177	-0.6502	Chrp_80	Choroid plexus	False
81	-0.0096315	0.0087724	0.86387	-1.0979	0.99834	-0.80933	5	0.94692	-1.6157	-0.89732	Chrp_81	Choroid plexus	False
82	-0.003799	0.0089146	0.665	-0.42615	0.99834	-0.30429	5	0.79224	-0.81422	-0.41376	Chrp_82	Choroid plexus	False
83	-0.00095319	0.010044	0.5378	-0.094893	0.97226	-0.30113	5	0.47979	0.050681	-0.082344	DLNP_83	Deep-layer near-projecting	False
84	-0.0071818	0.010042	0.76275	-0.71518	0.99834	-0.47487	5	0.83839	-0.98786	-0.47355	DLCT6b_84	Deep-layer corticothalamic and 6b	False
85	-0.0088643	0.010224	0.80702	-0.86697	0.99834	-0.82926	5	0.91723	-1.3867	-1.0039	DLNP_85	Deep-layer near-projecting	False
86	-0.0077203	0.010149	0.77657	-0.76066	0.99834	-0.90479	5	0.66137	-0.41621	-0.4	DLNP_86	Deep-layer near-projecting	False
87	-0.0091444	0.01013	0.81665	-0.90267	0.99834	-0.7883	5	0.80043	-0.84316	-0.54919	DLNP_87	Deep-layer near-projecting	False
88	-0.0096489	0.010101	0.83026	-0.95519	0.99834	-0.82409	5	0.76557	-0.72434	-0.43723	DLNP_88	Deep-layer near-projecting	False
89	-0.010701	0.010039	0.85676	-1.0659	0.99834	-0.9339	5	0.82681	-0.94163	-0.60333	DLNP_89	Deep-layer near-projecting	False
90	-0.0049574	0.010047	0.68914	-0.49341	0.99834	-0.71223	5	0.62635	-0.3222	-0.40742	DLNP_90	Deep-layer near-projecting	False
91	-0.0018075	0.010052	0.57135	-0.17981	0.98649	-0.35146	5	0.53911	-0.098192	-0.16698	DLNP_91	Deep-layer near-projecting	False
92	-0.0059286	0.010198	0.71948	-0.5813	0.99834	-0.48762	5	0.69293	-0.50417	-0.28771	DLNP_92	Deep-layer near-projecting	False
93	-0.0055695	0.010148	0.70844	-0.54883	0.99834	-0.6663	5	0.61119	-0.28242	-0.31806	DLNP_93	Deep-layer near-projecting	False
94	-0.0042769	0.010084	0.66426	-0.42412	0.99834	-0.47	5	0.5544	-0.13679	-0.10897	DLNP_94	Deep-layer near-projecting	False
95	-0.0058662	0.010157	0.71821	-0.57753	0.99834	-0.48918	5	0.74245	-0.65092	-0.36787	DLNP_95	Deep-layer near-projecting	False
96	-0.0063013	0.010182	0.73199	-0.61884	0.99834	-0.4053	5	0.79318	-0.8175	-0.36946	DLNP_96	Deep-layer near-projecting	False
97	-0.0016236	0.0098036	0.56577	-0.16561	0.98245	0.056967	5	0.43777	0.15663	0.36528	DLCT6b_97	Deep-layer corticothalamic and 6b	False
98	0.01127	0.01015	0.13343	1.1103	0.56955	0.59263	5	0.093206	1.3213	0.66369	DLCT6b_98	Deep-layer corticothalamic and 6b	False
99	0.017234	0.010188	0.045382	1.6914	0.28659	0.98803	5	0.038042	1.7739	0.91219	DLCT6b_99	Deep-layer corticothalamic and 6b	False
100	0.0083153	0.010302	0.2098	0.80712	0.69176	0.82626	5	0.21824	0.77815	0.7726	DLCT6b_100	Deep-layer corticothalamic and 6b	False
101	0.014118	0.009986	0.078734	1.4136	0.41246	0.99557	5	0.075184	1.4382	0.91726	DLCT6b_101	Deep-layer corticothalamic and 6b	False
102	0.0096948	0.010042	0.16717	0.96541	0.63168	0.88897	5	0.16084	0.99101	0.85828	DLCT6b_102	Deep-layer corticothalamic and 6b	False
103	0.010904	0.0099546	0.13668	1.0954	0.57807	0.71764	5	0.12328	1.1587	0.69776	DLCT6b_103	Deep-layer corticothalamic and 6b	False
104	0.011905	0.010073	0.11865	1.1818	0.53105	0.94592	5	0.12692	1.1411	0.859	DLCT6b_104	Deep-layer corticothalamic and 6b	False
105	0.023626	0.0099848	0.0089956	2.3658	0.14922	1.5703	5	0.0088075	2.3736	1.3632	DLCT6b_105	Deep-layer corticothalamic and 6b	False
106	0.020538	0.0099656	0.019667	2.0607	0.18503	1.1943	5	0.012229	2.2499	1.1358	DLCT6b_106	Deep-layer corticothalamic and 6b	False
107	0.01151	0.010005	0.12501	1.1503	0.54964	0.7715	5	0.16141	0.98868	0.59778	DLCT6b_107	Deep-layer corticothalamic and 6b	False
108	0.013439	0.010346	0.096983	1.2989	0.47223	1.0515	5	0.12997	1.1265	0.82979	DLCT6b_108	Deep-layer corticothalamic and 6b	False
109	0.017485	0.010259	0.044168	1.7042	0.28659	1.4837	5	0.06253	1.5339	1.1936	DLCT6b_109	Deep-layer corticothalamic and 6b	False
110	0.019533	0.010261	0.028491	1.9034	0.23207	1.9471	5	0.062397	1.535	1.4381	DLCT6b_110	Deep-layer corticothalamic and 6b	False
111	0.0068853	0.01019	0.24962	0.67569	0.71475	0.73466	5	0.29629	0.5351	0.63312	DLCT6b_111	Deep-layer corticothalamic and 6b	False
112	0.013925	0.010258	0.087334	1.3574	0.43762	1.4681	5	0.10289	1.2653	1.293	DLCT6b_112	Deep-layer corticothalamic and 6b	False
113	-0.0026894	0.0097205	0.60898	-0.27666	0.99834	-0.17116	5	0.6464	-0.37562	-0.11692	L5ET_113	Miscellaneous	False
114	-0.0038266	0.0097771	0.65224	-0.39138	0.99834	-0.16972	5	0.64256	-0.36531	-0.027364	L5ET_114	Miscellaneous	False
115	-0.0097064	0.0097748	0.83963	-0.99294	0.99834	-0.54039	5	0.80463	-0.85828	-0.249	L5ET_115	Hippocampal CA1-3	False
116	0.00084011	0.01008	0.46679	0.083342	0.94758	0.043334	5	0.42006	0.20174	0.18854	Misc_116	Miscellaneous	False
117	0.0056199	0.010116	0.28927	0.55552	0.77459	0.46384	5	0.39513	0.26597	0.27001	L5ET_117	Miscellaneous	False
118	0.0012951	0.0097944	0.4474	0.13223	0.93772	0.013538	5	0.53752	-0.094188	-0.094953	L5ET_118	Miscellaneous	False
119	0.0087056	0.010068	0.19361	0.86467	0.66608	0.65131	5	0.28098	0.57993	0.40257	CA13_119	Hippocampal CA1-3	False
120	0.027777	0.010305	0.0035195	2.695	0.10153	2.4104	5	0.0016261	2.9428	2.2656	ULIT_120	Upper-layer intratelencephalic	False
121	0.032507	0.010176	0.00070265	3.1936	0.073324	3.247	5	0.00025944	3.4708	3.0225	ULIT_121	Upper-layer intratelencephalic	False
122	0.024777	0.010119	0.0071798	2.4481	0.14391	2.0965	5	0.0030658	2.7407	2.0268	ULIT_122	Upper-layer intratelencephalic	False
123	0.018274	0.010103	0.035265	1.8085	0.25011	1.2216	5	0.015437	2.1587	1.3073	ULIT_123	Upper-layer intratelencephalic	False
124	0.026889	0.010163	0.0040806	2.6453	0.10153	2.1526	5	0.0015046	2.9668	2.0758	ULIT_124	Upper-layer intratelencephalic	False
125	0.022225	0.010302	0.015502	2.157	0.1662	2.1327	5	0.0049012	2.5827	2.2432	ULIT_125	Upper-layer intratelencephalic	False
126	0.03035	0.01027	0.0015652	2.9546	0.073324	2.6243	5	0.0010329	3.0806	2.3459	ULIT_126	Upper-layer intratelencephalic	False
127	0.022722	0.010269	0.01347	2.2124	0.15524	1.9324	5	0.020206	2.0495	1.5374	ULIT_127	Upper-layer intratelencephalic	False
128	0.010604	0.010295	0.15152	1.0299	0.6074	0.59983	5	0.072428	1.4579	0.86901	ULIT_128	Upper-layer intratelencephalic	False
129	0.019305	0.010359	0.031204	1.8634	0.24381	1.5858	5	0.014844	2.1742	1.6363	ULIT_129	Upper-layer intratelencephalic	False
130	0.0078838	0.010275	0.22146	0.76727	0.70385	0.59346	5	0.11567	1.1969	0.94944	ULIT_130	Upper-layer intratelencephalic	False
131	0.0066783	0.010125	0.25477	0.65955	0.72055	0.27545	5	0.12914	1.1305	0.62021	ULIT_131	Upper-layer intratelencephalic	False
132	0.00053306	0.0098857	0.4785	0.053919	0.95022	-0.43075	5	0.36878	0.33509	-0.21391	Misc_132	Miscellaneous	False
133	0.013511	0.010108	0.090684	1.3366	0.44952	0.86377	5	0.043193	1.7148	1.0281	ULIT_133	Upper-layer intratelencephalic	False
134	0.010364	0.010241	0.15579	1.0119	0.61384	0.39742	5	0.089658	1.3429	0.58837	ULIT_134	Upper-layer intratelencephalic	False
135	0.023754	0.010133	0.0095393	2.344	0.14922	1.1739	5	0.017224	2.1148	0.84662	ULIT_135	Upper-layer intratelencephalic	False
136	0.031597	0.010223	0.0010001	3.0902	0.073324	1.417	5	0.0056666	2.5323	0.86641	DLIT_136	Deep-layer intratelencephalic	False
137	0.020422	0.010213	0.022783	1.9994	0.20009	1.1657	5	0.030001	1.8808	0.91263	DLIT_137	Deep-layer intratelencephalic	False
138	0.010103	0.010107	0.15877	0.99953	0.61507	0.37616	5	0.083808	1.3799	0.54579	ULIT_138	Upper-layer intratelencephalic	False
139	0.0079405	0.010319	0.22082	0.76943	0.70385	0.24649	5	0.24324	0.69592	0.17685	DLIT_139	Deep-layer intratelencephalic	False
140	0.00026999	0.010237	0.48948	0.026373	0.95022	-0.43355	5	0.38413	0.29465	-0.16018	DLIT_140	Deep-layer intratelencephalic	False
141	0.00082127	0.010205	0.46793	0.080474	0.94758	-0.63251	5	0.35246	0.37869	-0.29102	DLIT_141	Deep-layer intratelencephalic	False
142	0.0097023	0.010307	0.17327	0.94132	0.64941	0.60643	5	0.19498	0.85969	0.492	DLIT_142	Deep-layer intratelencephalic	False
143	0.0092732	0.010246	0.18273	0.90501	0.6633	0.77473	5	0.26328	0.63327	0.50045	DLIT_143	Deep-layer intratelencephalic	False
144	0.0078968	0.010314	0.22195	0.76562	0.70385	0.26063	5	0.22072	0.76976	0.24096	DLIT_144	Deep-layer intratelencephalic	False
145	0.011062	0.010193	0.13892	1.0852	0.5822	1.0682	5	0.15869	0.99986	0.91917	DLIT_145	Deep-layer intratelencephalic	False
146	0.023088	0.010634	0.014975	2.1708	0.16437	1.8946	5	0.028836	1.8982	1.4229	DLIT_146	Deep-layer intratelencephalic	False
147	0.026875	0.010369	0.004779	2.5914	0.11016	1.6283	5	0.012182	2.2513	1.1712	DLIT_147	Deep-layer intratelencephalic	False
148	0.030367	0.01033	0.001646	2.9391	0.073324	2.0326	5	0.0017383	2.9221	1.667	DLIT_148	Deep-layer intratelencephalic	False
149	0.022695	0.010355	0.014209	2.1915	0.15976	1.3854	5	0.010928	2.2929	1.207	DLIT_149	Deep-layer intratelencephalic	False
150	0.031101	0.0099688	0.00090694	3.1191	0.073324	2.3834	5	0.00061162	3.2334	2.0908	DLIT_150	Deep-layer intratelencephalic	False
151	0.031799	0.010047	0.00077786	3.1641	0.073324	2.1746	5	0.0012156	3.0318	1.7614	DLIT_151	Deep-layer intratelencephalic	False
152	0.031685	0.010076	0.00083327	3.144	0.073324	2.3261	5	0.00046538	3.3107	2.0955	DLIT_152	Deep-layer intratelencephalic	False
153	0.029707	0.010052	0.0015647	2.9547	0.073324	3.6932	5	0.00061263	3.2329	3.4985	Amex_153	Amygdala excitatory	False
154	0.024326	0.010358	0.009436	2.348	0.14922	3.1883	5	0.010144	2.321	2.8217	Amex_154	Amygdala excitatory	False
155	0.018548	0.010378	0.036958	1.7871	0.25429	2.152	5	0.037215	1.784	1.9287	Amex_155	Amygdala excitatory	False
156	0.015307	0.009875	0.06058	1.5499	0.34058	2.2096	5	0.024419	1.97	2.4409	Amex_156	Amygdala excitatory	False
157	0.02232	0.0099505	0.012455	2.2428	0.1511	3.1664	5	0.0023574	2.8259	3.4304	Amex_157	Amygdala excitatory	False
158	0.014639	0.010176	0.075154	1.4384	0.39823	1.9441	5	0.036345	1.7948	2.1315	Amex_158	Amygdala excitatory	False
159	0.01607	0.010288	0.05916	1.5619	0.34036	2.3414	5	0.056323	1.5864	2.1503	Amex_159	Amygdala excitatory	False
160	0.021215	0.010082	0.017693	2.1039	0.17395	3.3637	5	0.010981	2.291	3.2333	Amex_160	Amygdala excitatory	False
161	0.022686	0.010188	0.012991	2.2265	0.15356	3.3657	5	0.0059155	2.5171	3.3259	Amex_161	Amygdala excitatory	False
162	0.0072446	0.0099751	0.23385	0.72623	0.70954	0.96112	5	0.23967	0.70736	0.93441	Amex_162	Amygdala excitatory	False
163	0.0057943	0.0099408	0.27999	0.58287	0.75927	0.85639	5	0.18401	0.90019	1.1334	CA13_163	Hippocampal CA1-3	False
164	0.0077322	0.010046	0.22074	0.7697	0.70385	1.3649	5	0.20525	0.82301	1.3925	Misc_164	Miscellaneous	False
165	0.0040899	0.010145	0.34342	0.40315	0.84661	0.62629	5	0.29575	0.53666	0.76639	Misc_165	Miscellaneous	False
166	0.0043213	0.010238	0.33648	0.42209	0.83847	0.75325	5	0.29787	0.53054	0.8755	Misc_166	Miscellaneous	False
167	0.016784	0.0099085	0.045157	1.6937	0.28659	1.4265	5	0.021897	2.0161	1.4924	Misc_167	Miscellaneous	False
168	0.020172	0.01041	0.026336	1.9376	0.22074	1.6541	5	0.014142	2.1933	1.6428	Misc_168	Miscellaneous	False
169	0.018752	0.010231	0.033422	1.8327	0.24456	1.924	5	0.020895	2.0356	1.8829	CA13_169	Hippocampal CA1-3	False
170	0.0091001	0.010147	0.18491	0.89681	0.66395	1.0948	5	0.26055	0.64165	0.8518	Misc_170	Miscellaneous	False
171	0.020327	0.010002	0.02108	2.0319	0.19055	1.7897	5	0.020747	2.0386	1.5691	Amex_171	Amygdala excitatory	False
172	0.014171	0.010196	0.082308	1.3897	0.41697	1.1125	5	0.067088	1.4978	1.0778	Amex_172	Amygdala excitatory	False
173	0.0099638	0.010055	0.16086	0.99093	0.61797	1.3053	5	0.14867	1.0422	1.283	Amex_173	Amygdala excitatory	False
174	0.024185	0.010187	0.008805	2.3737	0.14922	2.6739	5	0.004516	2.6108	2.5668	Amex_174	Amygdala excitatory	False
175	0.027181	0.010163	0.0037458	2.6742	0.10153	3.0545	5	0.0028694	2.7623	2.7654	Amex_175	Amygdala excitatory	False
176	0.010551	0.0097749	0.14021	1.0794	0.58231	0.74255	5	0.15625	1.01	0.62677	Misc_176	Miscellaneous	False
177	0.0061628	0.010331	0.27541	0.59653	0.75405	0.022455	5	0.21486	0.78967	0.14785	Misc_177	Miscellaneous	False
178	0.0044483	0.01019	0.33124	0.43649	0.83444	0.016823	5	0.31088	0.49336	0.09262	Misc_178	Miscellaneous	False
179	0.011455	0.010163	0.12986	1.1271	0.55949	0.57655	5	0.10701	1.2426	0.58428	CA13_179	Hippocampal CA1-3	False
180	0.012302	0.0099862	0.10901	1.2318	0.50254	0.71882	5	0.12219	1.1641	0.59476	CA13_180	Hippocampal CA1-3	False
181	0.010341	0.010004	0.15067	1.0336	0.6074	0.58092	5	0.15708	1.0065	0.5163	CA13_181	Hippocampal CA1-3	False
182	0.012128	0.0099626	0.11175	1.2173	0.51007	0.88103	5	0.10112	1.2752	0.83658	CA13_182	Hippocampal CA1-3	False
183	0.011465	0.0099736	0.12519	1.1494	0.54964	0.90739	5	0.083156	1.3842	0.98932	CA13_183	Hippocampal CA1-3	False
184	0.012451	0.0098832	0.10387	1.2598	0.49108	1.0431	5	0.081984	1.3918	1.044	CA13_184	Hippocampal CA1-3	False
185	0.013082	0.010086	0.097314	1.297	0.47223	0.73346	5	0.043885	1.7073	0.90232	CA13_185	Hippocampal CA1-3	False
186	0.01152	0.010099	0.127	1.1407	0.55233	0.86623	5	0.067788	1.4925	1.0251	CA13_186	Hippocampal CA1-3	False
187	0.0061925	0.01022	0.27229	0.6059	0.75165	0.50902	5	0.23131	0.73454	0.59356	CA13_187	Hippocampal CA1-3	False
188	0.0091447	0.010027	0.18089	0.91198	0.6633	0.78188	5	0.14269	1.0683	0.85145	CA13_188	Hippocampal CA1-3	False
189	0.0069661	0.010011	0.24327	0.69582	0.70954	0.5638	5	0.41571	0.21288	0.3	CA13_189	Hippocampal CA1-3	False
190	0.006724	0.0097703	0.24567	0.68818	0.70954	0.79933	5	0.31972	0.46848	0.61937	CA4_190	Hippocampal CA4	False
191	0.0018545	0.0099381	0.42599	0.18659	0.91344	0.18212	5	0.56003	-0.15105	0.020006	CA4_191	Hippocampal CA4	False
192	-0.0030712	0.0097842	0.6232	-0.3139	0.99834	-0.071419	5	0.65841	-0.40813	-0.0077302	CA4_192	Hippocampal CA4	False
193	-0.0079169	0.0098819	0.78847	-0.80112	0.99834	-0.42506	5	0.84314	-1.0074	-0.36323	CA4_193	Hippocampal CA4	False
194	-0.0038241	0.0096822	0.65356	-0.39495	0.99834	-0.254	5	0.65849	-0.40835	-0.098974	CA4_194	Hippocampal CA4	False
195	-0.0061525	0.0099174	0.73249	-0.62036	0.99834	-0.51439	5	0.76891	-0.73526	-0.40116	CA4_195	Hippocampal CA4	False
196	0.0028407	0.010045	0.38867	0.28279	0.88701	0.1694	5	0.46721	0.082285	0.080105	CA4_196	Hippocampal CA4	False
197	0.0043693	0.0098958	0.32942	0.44152	0.83441	0.43531	5	0.40292	0.2458	0.31212	CA4_197	Hippocampal CA4	False
198	0.001312	0.0099398	0.4475	0.13198	0.93772	0.27127	5	0.53154	-0.079142	0.19574	CA4_198	Hippocampal CA4	False
199	0.0081295	0.0095421	0.19713	0.85192	0.67316	1.3073	5	0.20023	0.8408	1.2653	DG_199	Hippocampal dentate gyrus	False
200	0.015794	0.0099906	0.056968	1.5807	0.3367	1.6976	5	0.050558	1.6395	1.6013	DG_200	Hippocampal dentate gyrus	False
201	0.018338	0.0099035	0.03205	1.8515	0.24456	2.286	5	0.022288	2.0086	2.2053	DG_201	Hippocampal dentate gyrus	False
202	0.0097843	0.0097788	0.15853	1.0005	0.61507	1.1515	5	0.08512	1.3714	1.3766	DG_202	Hippocampal dentate gyrus	False
203	0.02106	0.0099212	0.0169	2.1224	0.17313	2.752	5	0.0052386	2.5597	2.8761	DG_203	Hippocampal dentate gyrus	False
204	0.017353	0.0094376	0.032994	1.8385	0.24456	1.9278	5	0.01776	2.1024	1.9385	DG_204	Hippocampal dentate gyrus	False
205	0.018157	0.0096773	0.030323	1.8761	0.24102	2.4308	5	0.017189	2.1156	2.416	DG_205	Hippocampal dentate gyrus	False
206	0.018343	0.0096515	0.028694	1.9003	0.23207	1.5449	5	0.021029	2.0329	1.4529	MSN_206	Medium spiny neuron	False
207	0.016292	0.0096835	0.046254	1.6823	0.28815	1.1649	5	0.020592	2.0417	1.2621	MSN_207	Medium spiny neuron	False
208	0.020745	0.0097124	0.016353	2.1357	0.17133	1.6924	5	0.0081101	2.4039	1.6615	MSN_208	Medium spiny neuron	False
209	0.019348	0.0096954	0.023004	1.9953	0.20009	1.6118	5	0.011012	2.29	1.6215	MSN_209	Medium spiny neuron	False
210	0.014714	0.0096675	0.064013	1.5219	0.35554	1.1533	5	0.036451	1.7934	1.2146	MSN_210	Medium spiny neuron	False
211	0.022577	0.0097547	0.010329	2.3142	0.14922	2.0053	5	0.0070226	2.4561	1.8525	MSN_211	Medium spiny neuron	False
212	0.0219	0.0097584	0.012419	2.2439	0.1511	1.798	5	0.0060207	2.5109	1.7477	MSN_212	Medium spiny neuron	False
213	0.017789	0.0096913	0.033228	1.8353	0.24456	1.9862	5	0.031175	1.8638	1.787	MSN_213	Medium spiny neuron	False
214	0.02058	0.0097849	0.017735	2.103	0.17395	2.715	5	0.020976	2.034	2.3534	MSN_214	Medium spiny neuron	False
215	0.019829	0.0096992	0.02047	2.0441	0.18873	2.0658	5	0.014174	2.1924	1.9469	MSN_215	Medium spiny neuron	False
216	0.024296	0.0098982	0.00706	2.4542	0.14391	2.4268	5	0.0052491	2.559	2.2018	MSN_216	Medium spiny neuron	False
217	0.02564	0.010564	0.0076188	2.4267	0.14634	2.4057	5	0.013138	2.2221	1.9902	MSN_217	Medium spiny neuron	False
218	0.017603	0.0099196	0.037996	1.7744	0.25711	2.0025	5	0.087359	1.3572	1.5062	MSN_218	Medium spiny neuron	False
219	0.014043	0.010023	0.080613	1.401	0.41425	1.2563	5	0.11835	1.1833	0.97804	MSN_219	Medium spiny neuron	False
220	0.012788	0.010215	0.10531	1.2519	0.49108	1.6236	5	0.133	1.1123	1.3805	MSN_220	Medium spiny neuron	False
221	0.023093	0.0099764	0.010323	2.3144	0.14922	2.1151	5	0.0079017	2.4134	1.9137	MSN_221	Medium spiny neuron	False
222	0.027873	0.0099858	0.0026295	2.7907	0.09637	2.7816	5	0.003471	2.6996	2.3297	EMSN_222	Eccentric medium spiny neuron	False
223	0.026416	0.010017	0.0041846	2.6368	0.10153	2.5721	5	0.0084293	2.3898	2.0627	EMSN_223	Eccentric medium spiny neuron	False
224	0.029318	0.0099509	0.0016113	2.9457	0.073324	3.5125	5	0.0087117	2.3776	2.4988	EMSN_224	Eccentric medium spiny neuron	False
225	0.023483	0.01012	0.010166	2.3202	0.14922	2.3328	5	0.027745	1.915	1.7237	EMSN_225	Eccentric medium spiny neuron	False
226	0.023067	0.010129	0.011397	2.2769	0.1511	2.4798	5	0.026817	1.9298	1.8646	EMSN_226	Eccentric medium spiny neuron	False
227	0.017524	0.010072	0.040958	1.7397	0.26974	1.7754	5	0.070259	1.4739	1.405	EMSN_227	Eccentric medium spiny neuron	False
228	0.023476	0.010388	0.011925	2.2595	0.1511	2.155	5	0.025478	1.9519	1.6197	EMSN_228	Eccentric medium spiny neuron	False
229	0.0094941	0.010625	0.18579	0.89352	0.66395	0.80905	5	0.27066	0.61082	0.53213	EMSN_229	Eccentric medium spiny neuron	False
230	0.014876	0.010165	0.071683	1.4634	0.38576	1.3187	5	0.17454	0.93638	0.75453	EMSN_230	Eccentric medium spiny neuron	False
231	0.0085024	0.010265	0.20375	0.8283	0.69065	0.62615	5	0.36673	0.34053	0.23732	EMSN_231	Eccentric medium spiny neuron	False
232	0.0075931	0.010091	0.2259	0.75242	0.70843	0.75798	5	0.40629	0.2371	0.24077	EMSN_232	Eccentric medium spiny neuron	False
233	0.020645	0.010402	0.023596	1.9846	0.20144	2.1767	5	0.060179	1.5533	1.5338	EMSN_233	Eccentric medium spiny neuron	False
234	0.027547	0.010399	0.0040413	2.6486	0.10153	2.8638	5	0.019122	2.0722	1.9536	EMSN_234	Eccentric medium spiny neuron	False
235	-0.012436	0.010188	0.88889	-1.2206	0.99834	-0.5914	5	0.94398	-1.5891	-0.58545	Splat_235	Splatter	False
236	0.0099674	0.010273	0.16598	0.97017	0.63168	0.8167	5	0.20966	0.8076	0.66242	MGE_236	MGE interneuron	False
237	-0.00050235	0.010734	0.51866	-0.046791	0.95685	0.089658	5	0.58566	-0.21639	0.068693	Splat_237	Splatter	False
238	0.0036434	0.010119	0.3594	0.36006	0.85404	0.38281	5	0.24687	0.68437	0.77124	Splat_238	Splatter	False
239	0.016555	0.010384	0.055446	1.5942	0.33196	1.1341	5	0.045879	1.6862	1.0486	MGE_239	MGE interneuron	False
240	0.016429	0.010186	0.053404	1.6127	0.32394	1.1894	5	0.072228	1.4594	0.92587	MGE_240	MGE interneuron	False
241	0.00059823	0.010288	0.47682	0.058136	0.95022	-0.21732	5	0.38298	0.29766	0.058507	MGE_241	MGE interneuron	False
242	0.0037968	0.010331	0.35662	0.36751	0.85404	0.43949	5	0.31356	0.48578	0.56933	MGE_242	MGE interneuron	False
243	0.00019548	0.010253	0.49239	0.019077	0.95022	-0.17717	5	0.38599	0.28979	0.16569	MGE_243	MGE interneuron	False
244	0.0017889	0.010479	0.43222	0.17073	0.92247	0.20418	5	0.5946	-0.23939	-0.025391	MGE_244	MGE interneuron	False
245	0.0026619	0.01042	0.39919	0.25544	0.89332	0.50751	5	0.57702	-0.19428	0.23716	MGE_245	MGE interneuron	False
246	-0.005625	0.010315	0.70723	-0.54531	0.99834	-0.1914	5	0.73793	-0.63698	-0.10976	MGE_246	MGE interneuron	False
247	0.0029532	0.010203	0.38612	0.28945	0.88701	0.54653	5	0.51256	-0.031488	0.38773	MGE_247	MGE interneuron	False
248	0.0023981	0.010374	0.4086	0.23115	0.89697	0.12187	5	0.36758	0.33827	0.27907	MGE_248	MGE interneuron	False
249	-0.008979	0.010482	0.80415	-0.85654	0.99834	-0.62775	5	0.8306	-0.95654	-0.51308	MGE_249	MGE interneuron	False
250	0.0010251	0.010392	0.46071	0.098645	0.94409	-0.15974	5	0.497	0.00752	-0.14908	MGE_250	MGE interneuron	False
251	-0.00037128	0.010225	0.51448	-0.036304	0.95635	-0.34603	5	0.50038	-0.00095252	-0.21529	MGE_251	MGE interneuron	False
252	0.0071877	0.010448	0.24576	0.68789	0.70954	0.49414	5	0.27241	0.60554	0.41795	MGE_252	MGE interneuron	False
253	0.0028044	0.010377	0.39349	0.27023	0.88908	0.28541	5	0.43171	0.17202	0.26774	MGE_253	MGE interneuron	False
254	0.013035	0.010419	0.10546	1.251	0.49108	0.99221	5	0.13119	1.1208	0.79988	MGE_254	MGE interneuron	False
255	0.015877	0.0102	0.059803	1.5564	0.34036	1.5184	5	0.058587	1.5667	1.352	MGE_255	MGE interneuron	False
256	0.016219	0.0098836	0.050409	1.6409	0.30985	1.374	5	0.026264	1.9388	1.4374	MGE_256	MGE interneuron	False
257	0.021031	0.010125	0.018908	2.0768	0.1816	1.7619	5	0.0216	2.0218	1.4824	MGE_257	MGE interneuron	False
258	0.018847	0.010355	0.034394	1.8198	0.24774	1.6282	5	0.046657	1.6782	1.3051	MGE_258	MGE interneuron	False
259	0.023806	0.01029	0.010358	2.3131	0.14922	2.031	5	0.014389	2.1865	1.5867	MGE_259	MGE interneuron	False
260	0.025572	0.01028	0.0064412	2.487	0.1414	2.1069	5	0.0087418	2.3764	1.6256	MGE_260	MGE interneuron	False
261	0.029347	0.010048	0.0017496	2.9201	0.073324	2.3359	5	0.0036747	2.6806	1.7557	MGE_261	MGE interneuron	False
262	0.026948	0.010166	0.0040209	2.6503	0.10153	2.332	5	0.0053409	2.5529	1.8623	MGE_262	MGE interneuron	False
263	0.02978	0.0099231	0.0013483	3.0004	0.073324	2.0618	5	0.0015507	2.9575	1.6736	MGE_263	MGE interneuron	False
264	0.014011	0.010013	0.080873	1.3992	0.41425	1.2063	5	0.10819	1.2362	0.92265	LLC_264	LAMP5-LHX6 and Chandelier	False
265	0.0057439	0.010204	0.28676	0.56288	0.77308	0.22635	5	0.37976	0.30611	0.057433	LLC_265	LAMP5-LHX6 and Chandelier	False
266	0.010623	0.010229	0.14954	1.0384	0.6074	0.73482	5	0.1814	0.91004	0.57877	LLC_266	LAMP5-LHX6 and Chandelier	False
267	-0.0045336	0.010267	0.6706	-0.44157	0.99834	-0.26747	5	0.64419	-0.36968	-0.048343	LLC_267	LAMP5-LHX6 and Chandelier	False
268	0.0024172	0.010394	0.40806	0.23254	0.89697	0.41617	5	0.47639	0.059216	0.33417	LLC_268	LAMP5-LHX6 and Chandelier	False
269	0.0091045	0.010434	0.19146	0.87253	0.66608	0.62735	5	0.25272	0.66595	0.44338	LLC_269	LAMP5-LHX6 and Chandelier	False
270	0.0094234	0.010355	0.18142	0.90997	0.6633	0.58675	5	0.14462	1.0598	0.66204	LLC_270	LAMP5-LHX6 and Chandelier	False
271	0.0037676	0.010404	0.35863	0.36212	0.85404	0.12383	5	0.32058	0.46608	0.26697	LLC_271	LAMP5-LHX6 and Chandelier	False
272	0.0056025	0.010251	0.29236	0.5465	0.77459	0.3665	5	0.32467	0.45468	0.29456	LLC_272	LAMP5-LHX6 and Chandelier	False
273	-0.00030259	0.010441	0.51156	-0.028981	0.95635	-0.2466	5	0.54469	-0.11226	-0.20194	LLC_273	LAMP5-LHX6 and Chandelier	False
274	0.0047905	0.010224	0.31969	0.46857	0.81876	0.36444	5	0.31346	0.48607	0.40936	LLC_274	LAMP5-LHX6 and Chandelier	False
275	0.0081963	0.010167	0.21008	0.80614	0.69176	0.59031	5	0.24666	0.68504	0.44583	LLC_275	LAMP5-LHX6 and Chandelier	False
276	-0.0023399	0.010378	0.58919	-0.22546	0.99834	0.11406	5	0.78566	-0.79145	-0.17441	CGE_276	CGE interneuron	False
277	0.0008133	0.01034	0.46865	0.078664	0.94758	-0.17068	5	0.62972	-0.33111	-0.37302	CGE_277	CGE interneuron	False
278	0.0018698	0.010023	0.42601	0.18654	0.91344	0.10808	5	0.49161	0.021032	0.062758	CGE_278	CGE interneuron	False
279	-0.0038628	0.010175	0.64789	-0.37963	0.99834	-0.32717	5	0.83426	-0.97114	-0.57223	CGE_279	CGE interneuron	False
280	0.001183	0.0099491	0.45268	0.11889	0.94002	-0.0051433	5	0.57004	-0.17648	-0.12133	CGE_280	CGE interneuron	False
281	0.0010006	0.01003	0.46027	0.099754	0.94409	-0.12572	5	0.64775	-0.37925	-0.40267	CGE_281	CGE interneuron	False
282	0.0067976	0.0099044	0.24626	0.68631	0.70954	0.43606	5	0.21617	0.78519	0.48678	CGE_282	CGE interneuron	False
283	0.0067515	0.010072	0.25134	0.67028	0.71523	0.47125	5	0.24391	0.69378	0.47924	CGE_283	CGE interneuron	False
284	0.0073155	0.010056	0.23347	0.72747	0.70954	0.50587	5	0.38238	0.29924	0.2816	CGE_284	CGE interneuron	False
285	0.0080677	0.010186	0.21418	0.792	0.70026	1.0384	5	0.39857	0.25705	0.63125	CGE_285	CGE interneuron	False
286	0.0077535	0.01017	0.22291	0.7624	0.70385	0.35662	5	0.26969	0.61375	0.24099	CGE_286	CGE interneuron	False
287	0.0031071	0.010212	0.38047	0.30425	0.88584	-0.29601	5	0.37799	0.31076	-0.22811	CGE_287	CGE interneuron	False
288	0.007375	0.010088	0.23239	0.731	0.70954	0.20981	5	0.2049	0.82425	0.26954	CGE_288	CGE interneuron	False
289	0.0053276	0.0098978	0.2952	0.53826	0.77764	0.47201	5	0.49286	0.017898	0.19515	CGE_289	CGE interneuron	False
290	0.0028854	0.0098092	0.38432	0.29415	0.88701	0.33836	5	0.51365	-0.034222	0.19322	CGE_290	CGE interneuron	False
291	0.0082108	0.010019	0.20626	0.81947	0.69176	0.82691	5	0.26864	0.61693	0.66084	CGE_291	CGE interneuron	False
292	0.005401	0.0098363	0.29148	0.54907	0.77459	0.61489	5	0.39048	0.27807	0.45424	CGE_292	CGE interneuron	False
293	0.005249	0.0099266	0.29848	0.52878	0.78181	0.49783	5	0.51723	-0.043203	0.20622	CGE_293	CGE interneuron	False
294	0.0026612	0.010028	0.39536	0.26538	0.88908	0.35182	5	0.60942	-0.27781	0.071866	CGE_294	CGE interneuron	False
295	0.0037443	0.0098242	0.35156	0.38111	0.853	0.40282	5	0.52503	-0.062782	0.17291	CGE_295	CGE interneuron	False
296	0.0038512	0.0099311	0.34909	0.38778	0.853	0.27106	5	0.57234	-0.18233	-0.014351	CGE_296	CGE interneuron	False
297	0.016444	0.0091718	0.036509	1.7927	0.25429	1.3322	5	0.082239	1.3902	0.84837	URL_297	Upper rhombic lip	False
298	-0.012447	0.0096674	0.90102	-1.2874	0.99834	-0.78196	5	0.93161	-1.4879	-0.67223	CBI_298	Cerebellar inhibitory	False
299	-0.012907	0.0094958	0.91295	-1.3591	0.99834	-0.79466	5	0.89153	-1.2347	-0.47905	CBI_299	Cerebellar inhibitory	False
300	-0.0074827	0.0094471	0.78583	-0.79204	0.99834	-0.47431	5	0.79628	-0.82841	-0.32925	CBI_300	Cerebellar inhibitory	False
301	-0.0044724	0.0094427	0.68211	-0.47361	0.99834	-0.41935	5	0.78463	-0.78793	-0.47864	CBI_301	Cerebellar inhibitory	False
302	-0.0044055	0.0097738	0.67391	-0.45074	0.99834	-0.2254	5	0.63678	-0.34987	-0.010708	CBI_302	Cerebellar inhibitory	False
303	0.0058001	0.0094915	0.27058	0.61106	0.75143	-0.14389	5	0.17301	0.94234	0.047578	CBI_303	Cerebellar inhibitory	False
304	0.0049678	0.0096207	0.3028	0.51636	0.78422	-0.21894	5	0.19624	0.85513	0.032034	CBI_304	Cerebellar inhibitory	False
305	0.0040379	0.0095533	0.33627	0.42266	0.83847	-0.1107	5	0.2195	0.77388	0.12901	CBI_305	Cerebellar inhibitory	False
306	-0.00159	0.0096316	0.56556	-0.16508	0.98245	-0.67136	5	0.42641	0.18552	-0.334	CBI_306	Cerebellar inhibitory	False
307	-0.0001051	0.00959	0.50437	-0.010954	0.95635	-0.32934	5	0.35471	0.37264	-0.041098	CBI_307	Cerebellar inhibitory	False
308	-0.0026225	0.0094033	0.60983	-0.27888	0.99834	-0.52428	5	0.68487	-0.48136	-0.53464	URL_308	Upper rhombic lip	False
309	0.0011626	0.0095053	0.45133	0.1223	0.94002	0.11175	5	0.53754	-0.094238	0.028719	URL_309	Upper rhombic lip	False
310	-0.012562	0.009377	0.9098	-1.3395	0.99834	-1.4502	5	0.94888	-1.6341	-1.3865	URL_310	Upper rhombic lip	False
311	-0.00993	0.0093223	0.85659	-1.0651	0.99834	-1.3479	5	0.91557	-1.3759	-1.3272	URL_311	Upper rhombic lip	False
312	-0.010674	0.0092082	0.87679	-1.1591	0.99834	-1.2701	5	0.92652	-1.4504	-1.2289	URL_312	Upper rhombic lip	False
313	0.003324	0.0094256	0.36218	0.35264	0.85623	-0.018619	5	0.34101	0.40971	0.057641	Splat_313	Splatter	False
314	-0.014886	0.0090252	0.95046	-1.6493	0.99834	-1.1471	5	0.82279	-0.92605	-0.42432	Misc_314	Miscellaneous	False
315	-0.014673	0.0097021	0.93477	-1.5123	0.99834	-1.0022	5	0.96596	-1.8245	-0.91721	LRL_315	Lower rhombic lip	False
316	-0.0078754	0.0095817	0.79443	-0.82189	0.99834	-0.26607	5	0.88223	-1.1862	-0.30083	LRL_316	Lower rhombic lip	False
317	-0.011211	0.0096342	0.87771	-1.1636	0.99834	-0.48289	5	0.92235	-1.4211	-0.4287	LRL_317	Lower rhombic lip	False
318	-0.0080494	0.0096099	0.79887	-0.83759	0.99834	-0.33696	5	0.83393	-0.96981	-0.24987	LRL_318	Lower rhombic lip	False
319	-0.0037226	0.009687	0.64961	-0.38427	0.99834	-0.09259	5	0.71897	-0.57978	-0.086419	LRL_319	Lower rhombic lip	False
320	-0.0071724	0.0096841	0.77053	-0.74059	0.99834	-0.28333	5	0.82412	-0.93118	-0.23605	LRL_320	Lower rhombic lip	False
321	-0.0072228	0.0097773	0.76996	-0.73872	0.99834	-0.26511	5	0.84253	-1.0049	-0.25731	LRL_321	Lower rhombic lip	False
322	0.0004299	0.0097082	0.48234	0.044282	0.95022	0.27391	5	0.64465	-0.37092	0.094564	LRL_322	Lower rhombic lip	False
323	-0.012964	0.0098588	0.90572	-1.3149	0.99834	-1.2201	5	0.96307	-1.7875	-1.2732	Mmb_323	Mammillary body	False
324	-0.016952	0.0097413	0.95907	-1.74	0.99834	-1.496	5	0.97367	-1.9377	-1.2904	Mmb_324	Mammillary body	False
325	-0.013725	0.0097215	0.92098	-1.4117	0.99834	-1.2391	5	0.95324	-1.6771	-1.1268	Mmb_325	Mammillary body	False
326	-0.012175	0.010016	0.88791	-1.2155	0.99834	-0.94846	5	0.92022	-1.4066	-0.81591	Mmb_326	Mammillary body	False
327	-0.017655	0.010051	0.96048	-1.7563	0.99834	-1.5668	5	0.98209	-2.099	-1.4589	Mmb_327	Mammillary body	False
328	-0.013234	0.010017	0.90676	-1.3211	0.99834	-1.3271	5	0.964	-1.7991	-1.3854	Mmb_328	Mammillary body	False
329	-0.013269	0.010042	0.90679	-1.3212	0.99834	-1.274	5	0.96541	-1.8172	-1.3404	Mmb_329	Mammillary body	False
330	-0.013931	0.009964	0.91895	-1.398	0.99834	-1.0088	5	0.94563	-1.6039	-0.87258	Mmb_330	Mammillary body	False
331	-0.021947	0.010057	0.98544	-2.1819	0.99834	-1.4529	5	0.99772	-2.8366	-1.5028	Mmb_331	Mammillary body	False
332	-0.017408	0.010234	0.95552	-1.7009	0.99834	-1.3316	5	0.98512	-2.1733	-1.3291	Mmb_332	Mammillary body	False
333	-0.0091596	0.010075	0.81834	-0.90906	0.99834	-0.38126	5	0.9053	-1.3124	-0.44079	Mmb_333	Mammillary body	False
334	0.0015446	0.0094628	0.43517	0.16323	0.92449	-0.25883	5	0.54602	-0.11561	-0.42478	Splat_334	Splatter	False
335	-0.013711	0.009641	0.92249	-1.422	0.99834	-0.69952	5	0.98497	-2.1693	-0.95771	Splat_335	Splatter	False
336	-0.02247	0.0096782	0.98987	-2.3215	0.99834	-1.0533	5	0.98256	-2.1097	-0.52826	Splat_336	Splatter	False
337	0.0087372	0.0094859	0.17852	0.92102	0.6633	1.1061	5	0.22713	0.74833	0.95437	Splat_337	Splatter	False
338	-0.0067453	0.009324	0.76529	-0.72342	0.99834	-0.16068	5	0.72817	-0.60729	0.094376	Splat_338	Splatter	False
339	-0.0067692	0.0097601	0.75601	-0.69353	0.99834	0.0074322	5	0.84199	-1.0027	-0.016591	Splat_339	Splatter	False
340	-0.0080287	0.010219	0.78397	-0.78567	0.99834	-0.58635	5	0.87475	-1.1491	-0.64215	Splat_340	Splatter	False
341	-0.0072814	0.0094641	0.77916	-0.76936	0.99834	-0.15591	5	0.8433	-1.0081	-0.1309	Splat_341	Splatter	False
342	-0.0035246	0.009368	0.64662	-0.37621	0.99834	0.19794	5	0.75586	-0.69305	0.14448	Splat_342	Splatter	False
343	0.003377	0.0099089	0.36663	0.34079	0.85854	0.77426	5	0.49978	0.00055146	0.55202	Splat_343	Splatter	False
344	-0.0088327	0.010016	0.81105	-0.88177	0.99834	-0.33367	5	0.90443	-1.3072	-0.42326	Splat_344	Splatter	False
345	-0.0060121	0.0098929	0.72831	-0.60771	0.99834	-0.19844	5	0.82472	-0.9335	-0.26038	Splat_345	Splatter	False
346	0.0022506	0.0099878	0.41086	0.22533	0.89766	0.89916	5	0.77007	-0.73908	0.25344	Splat_346	Splatter	False
347	-0.011624	0.010013	0.87716	-1.1609	0.99834	-0.38736	5	0.89401	-1.2481	-0.2123	Splat_347	Splatter	False
348	-0.015171	0.010113	0.93319	-1.5	0.99834	-1.0217	5	0.9637	-1.7953	-0.91661	Splat_348	Splatter	False
349	-0.026865	0.010192	0.9958	-2.6356	0.99834	-2.415	5	0.99929	-3.1906	-2.314	Splat_349	Splatter	False
350	-0.015561	0.0098632	0.94266	-1.5775	0.99834	-1.174	5	0.9365	-1.526	-0.8137	Splat_350	Splatter	False
351	-0.018946	0.0099592	0.97142	-1.9021	0.99834	-0.89287	5	0.98134	-2.0822	-0.65712	Splat_351	Splatter	False
352	-0.005713	0.0097315	0.72141	-0.58704	0.99834	-0.97666	5	0.75077	-0.67691	-0.81519	Splat_352	Splatter	False
353	-0.012892	0.0099633	0.90215	-1.2939	0.99834	-1.1462	5	0.94252	-1.5763	-1.062	Splat_353	Splatter	False
354	-0.0098377	0.010272	0.83088	-0.95765	0.99834	-0.52946	5	0.93195	-1.4905	-0.68392	Splat_354	Splatter	False
355	-0.013831	0.010381	0.9086	-1.3322	0.99834	-0.99936	5	0.98114	-2.0779	-1.2542	Splat_355	Splatter	False
356	-0.017303	0.010218	0.9548	-1.6933	0.99834	-0.82338	5	0.99316	-2.4656	-1.0256	Splat_356	Splatter	False
357	-0.020093	0.010284	0.97462	-1.9535	0.99834	-1.1919	5	0.99134	-2.3798	-1.1197	Splat_357	Splatter	False
358	-0.021809	0.010309	0.98279	-2.1151	0.99834	-1.6018	5	0.99512	-2.5842	-1.5318	Splat_358	Splatter	False
359	-0.021047	0.01015	0.98093	-2.0733	0.99834	-1.6982	5	0.98564	-2.1873	-1.3551	Splat_359	Splatter	False
360	-0.020234	0.010093	0.9775	-2.0047	0.99834	-2.191	5	0.97128	-1.8999	-1.591	Splat_360	Splatter	False
361	-0.012188	0.010231	0.88323	-1.1913	0.99834	-0.74609	5	0.96805	-1.8529	-0.95394	Splat_361	Splatter	False
362	-0.010588	0.010007	0.85498	-1.058	0.99834	-0.58658	5	0.91115	-1.3479	-0.53468	Splat_362	Splatter	False
363	-0.014857	0.0099588	0.93211	-1.4917	0.99834	-1.2641	5	0.91137	-1.3492	-0.75803	Splat_363	Splatter	False
364	-0.0092688	0.010246	0.81716	-0.90459	0.99834	-0.63144	5	0.92284	-1.4244	-0.77498	Splat_364	Splatter	False
365	-0.024464	0.010468	0.99027	-2.3366	0.99834	-1.6083	5	0.9978	-2.848	-1.535	Splat_365	Splatter	False
366	-0.013428	0.010365	0.90241	-1.2954	0.99834	-0.48774	5	0.94485	-1.5968	-0.42265	Splat_366	Splatter	False
367	-0.013646	0.01047	0.90376	-1.3033	0.99834	-0.76034	5	0.96396	-1.7986	-0.82655	Splat_367	Splatter	False
368	-0.017195	0.01037	0.95134	-1.658	0.99834	-0.97249	5	0.97159	-1.9047	-0.81805	Splat_368	Splatter	False
369	-0.016257	0.010336	0.94211	-1.5727	0.99834	-1.0055	5	0.96899	-1.8662	-0.87765	Splat_369	Splatter	False
370	-0.0072562	0.010175	0.76211	-0.71311	0.99834	-0.32453	5	0.73533	-0.62901	-0.037152	Splat_370	Splatter	False
371	-0.0068394	0.0097165	0.75924	-0.70386	0.99834	-1.2054	5	0.66148	-0.41651	-0.6311	Splat_371	Splatter	False
372	-0.013904	0.010378	0.90983	-1.3397	0.99834	-0.45565	5	0.97627	-1.9822	-0.60852	Thex_372	Thalamic excitatory	False
373	-0.010037	0.010332	0.83432	-0.97138	0.99834	-0.18771	5	0.96	-1.7507	-0.47294	Splat_373	Splatter	False
374	-0.0107	0.010231	0.85216	-1.0457	0.99834	-0.69068	5	0.94035	-1.5577	-0.81149	Splat_374	Splatter	False
375	-0.0056656	0.010045	0.71363	-0.56402	0.99834	-0.63176	5	0.73711	-0.63446	-0.45964	Splat_375	Splatter	False
376	0.00039748	0.010548	0.48497	0.037684	0.95022	0.35038	5	0.77281	-0.74813	-0.11699	Splat_376	Splatter	False
377	-0.0095557	0.010145	0.82686	-0.94183	0.99834	-0.63784	5	0.93201	-1.4909	-0.7566	Splat_377	Splatter	False
378	-0.0015956	0.01001	0.56332	-0.15939	0.98245	-0.15407	5	0.691	-0.49869	-0.25616	Splat_378	Splatter	False
379	-0.0071974	0.0098085	0.76845	-0.73375	0.99834	-0.51469	5	0.90678	-1.3212	-0.81452	Splat_379	Splatter	False
380	-0.015697	0.0102	0.93807	-1.5388	0.99834	-1.0928	5	0.97628	-1.9824	-1.093	Splat_380	Splatter	False
381	-0.0065453	0.010118	0.74114	-0.64686	0.99834	-0.40545	5	0.8275	-0.94433	-0.4325	Splat_381	Splatter	False
382	-0.015019	0.010416	0.92533	-1.4419	0.99834	-0.81623	5	0.9717	-1.9064	-0.853	Splat_382	Splatter	False
383	-0.011335	0.010338	0.86353	-1.0963	0.99834	-0.3507	5	0.96642	-1.8306	-0.55372	Splat_383	Splatter	False
384	-0.018732	0.010169	0.96726	-1.842	0.99834	-1.3309	5	0.99279	-2.4466	-1.3954	Splat_384	Splatter	False
385	-0.0044229	0.010244	0.66704	-0.43175	0.99834	0.02936	5	0.97854	-2.0245	-0.83442	Splat_385	Splatter	False
386	-0.0033387	0.0097366	0.63416	-0.34289	0.99834	-0.22236	5	0.87039	-1.1282	-0.71919	Splat_386	Splatter	False
387	-0.003286	0.010336	0.62472	-0.3179	0.99834	0.27057	5	0.93387	-1.5052	-0.31342	Splat_387	Splatter	False
388	-0.0080541	0.0098951	0.79215	-0.8139	0.99834	-0.73097	5	0.92873	-1.4664	-0.97297	Splat_388	Splatter	False
389	-0.00067888	0.010287	0.52631	-0.065997	0.95919	0.22206	5	0.85105	-1.0409	-0.4184	Splat_389	Splatter	False
390	-0.0084101	0.010317	0.7925	-0.81513	0.99834	-0.59711	5	0.83728	-0.98334	-0.50103	Splat_390	Splatter	False
391	-0.0040555	0.010079	0.6563	-0.40239	0.99834	-0.25343	5	0.64256	-0.36531	-0.080135	Splat_391	Splatter	False
392	-0.016549	0.010381	0.94453	-1.594	0.99834	-0.661	5	0.96243	-1.7796	-0.49595	Splat_392	Splatter	False
393	-0.0020142	0.010149	0.57866	-0.19847	0.99538	-0.028521	5	0.61613	-0.29533	0.022903	Splat_393	Splatter	False
394	-0.0043674	0.010282	0.6645	-0.42478	0.99834	-0.23981	5	0.92534	-1.4419	-0.83244	Splat_394	Splatter	False
395	-0.023926	0.0097792	0.99278	-2.4461	0.99834	-2.0906	5	0.99836	-2.9402	-1.9924	Splat_395	Splatter	False
396	-0.010256	0.01022	0.84218	-1.0035	0.99834	-0.57541	5	0.98124	-2.0801	-1.0263	Splat_396	Splatter	False
397	-0.017747	0.0097592	0.96549	-1.8183	0.99834	-1.8496	5	0.99465	-2.5523	-2.0498	Splat_397	Splatter	False
398	-0.017419	0.009876	0.9611	-1.7636	0.99834	-1.0592	5	0.99423	-2.5259	-1.2469	Splat_398	Splatter	False
399	-0.019892	0.0097205	0.97963	-2.0462	0.99834	-1.3632	5	0.98756	-2.2433	-1.131	Splat_399	Splatter	False
400	-0.021265	0.010022	0.98307	-2.1217	0.99834	-2.5111	5	0.99745	-2.8006	-2.6143	Splat_400	Splatter	False
401	-0.00076656	0.0091094	0.53353	-0.084146	0.96834	0.018188	5	0.50845	-0.021183	0.14567	Misc_401	Miscellaneous	False
402	0.027317	0.0098241	0.0027176	2.78	0.09637	2.8199	5	0.0084728	2.3879	2.1738	Splat_402	Splatter	False
403	0.014199	0.0097159	0.071963	1.4613	0.38576	0.94747	5	0.072104	1.4603	0.83555	Splat_403	Splatter	False
404	0.01802	0.010188	0.038483	1.7686	0.25711	1.117	5	0.032138	1.8503	1.0292	Misc_404	Miscellaneous	False
405	0.010929	0.010551	0.15016	1.0357	0.6074	1.0285	5	0.22115	0.76832	0.79162	Amex_405	Amygdala excitatory	False
406	0.0043705	0.010571	0.33965	0.41342	0.84182	0.60531	5	0.23868	0.71056	0.82424	Amex_406	Amygdala excitatory	False
407	0.0020223	0.010615	0.42446	0.1905	0.91344	1.439	5	0.64216	-0.36424	1.0032	Amex_407	Amygdala excitatory	False
408	-0.0025905	0.009333	0.60933	-0.27757	0.99834	-0.038398	5	0.49764	0.0059157	0.2901	Amex_408	Amygdala excitatory	False
409	-0.0053897	0.009733	0.71012	-0.55374	0.99834	-0.52894	5	0.64995	-0.38519	-0.2534	Splat_409	Splatter	False
410	-0.0077547	0.0096642	0.78883	-0.80237	0.99834	-0.75188	5	0.88695	-1.2105	-0.8286	Splat_410	Splatter	False
411	0.0003486	0.0094878	0.48535	0.03673	0.95022	-0.19105	5	0.68157	-0.47209	-0.44504	Splat_411	Splatter	False
412	-0.0025486	0.010133	0.59929	-0.25151	0.99834	0.10633	5	0.81718	-0.90467	-0.18852	Splat_412	Splatter	False
413	-0.013942	0.010386	0.91025	-1.3423	0.99834	-0.49163	5	0.95455	-1.6907	-0.45796	Splat_413	Splatter	False
414	-0.01168	0.010083	0.87665	-1.1584	0.99834	-0.61784	5	0.97038	-1.8864	-0.82626	Splat_414	Splatter	False
415	0.0025971	0.010614	0.40336	0.24466	0.89399	-0.23815	5	0.58602	-0.21732	-0.48571	Splat_415	Splatter	False
416	-0.0044484	0.010238	0.66804	-0.43451	0.99834	-0.71401	5	0.85191	-1.0447	-0.95731	Splat_416	Splatter	False
417	-0.00033358	0.010264	0.51296	-0.032492	0.95635	-0.40939	5	0.83687	-0.98167	-1.0028	Splat_417	Splatter	False
418	0.0076303	0.01021	0.22744	0.7473	0.70844	0.65497	5	0.64623	-0.37516	-0.021615	Splat_418	Splatter	False
419	0.015739	0.010532	0.067553	1.4943	0.37074	2.5392	5	0.27937	0.58471	1.6377	Amex_419	Amygdala excitatory	False
420	0.0061853	0.010422	0.27643	0.59348	0.75405	0.71663	5	0.46811	0.080022	0.42181	Splat_420	Splatter	False
421	0.0093372	0.010528	0.18758	0.88685	0.66519	1.0554	5	0.44535	0.13742	0.41627	Splat_421	Splatter	False
422	-0.0068627	0.010473	0.74386	-0.65529	0.99834	-0.45299	5	0.87442	-1.1475	-0.60412	Splat_422	Splatter	False
423	0.013114	0.010984	0.11625	1.1939	0.5254	1.3505	5	0.46397	0.090437	0.59263	Splat_423	Splatter	False
424	0.0048931	0.010671	0.32328	0.45855	0.82338	0.98265	5	0.65106	-0.38818	0.29838	Splat_424	Splatter	False
425	0.013029	0.010379	0.1047	1.2552	0.49108	1.2801	5	0.3342	0.42834	0.58093	Splat_425	Splatter	False
426	0.024908	0.010888	0.011085	2.2874	0.1511	2.6809	5	0.065101	1.5133	1.7863	EMSN_426	Eccentric medium spiny neuron	False
427	0.010748	0.010517	0.15341	1.0219	0.60967	1.2232	5	0.36034	0.35755	0.62749	MSN_427	Medium spiny neuron	False
428	-0.00036244	0.010478	0.5138	-0.034598	0.95635	0.21866	5	0.77927	-0.76973	-0.079545	Splat_428	Splatter	False
429	-0.0014027	0.010098	0.55524	-0.13891	0.98245	0.14444	5	0.64272	-0.36574	0.098334	Splat_429	Splatter	False
430	0.022943	0.010099	0.011556	2.2716	0.1511	2.4239	5	0.047678	1.6678	1.5769	MSN_430	Medium spiny neuron	False
431	-0.0015581	0.0097178	0.56369	-0.16033	0.98245	0.24117	5	0.78913	-0.80341	-0.047952	Splat_431	Splatter	False
432	-0.0059522	0.0095084	0.73434	-0.62599	0.99834	-0.49855	5	0.85512	-1.0586	-0.64703	Splat_432	Splatter	False
433	-0.013868	0.0099223	0.91888	-1.3976	0.99834	-1.4131	5	0.91556	-1.3758	-1.0896	Midi_433	Midbrain-derived inhibitory	False
434	-0.0050996	0.0097633	0.69927	-0.5223	0.99834	-0.77961	5	0.77997	-0.77209	-0.79412	Midi_434	Midbrain-derived inhibitory	False
435	-0.0062115	0.0098824	0.73517	-0.62853	0.99834	-0.96629	5	0.80624	-0.86412	-0.94508	Midi_435	Midbrain-derived inhibitory	False
436	-0.0085786	0.0098525	0.80803	-0.87066	0.99834	-0.88286	5	0.83105	-0.95832	-0.68651	Midi_436	Midbrain-derived inhibitory	False
437	-0.01152	0.010059	0.87393	-1.1452	0.99834	-1.4527	5	0.95401	-1.685	-1.6117	Midi_437	Midbrain-derived inhibitory	False
438	-0.0072202	0.0099764	0.76538	-0.72372	0.99834	-1.0902	5	0.86364	-1.0968	-1.1809	Midi_438	Midbrain-derived inhibitory	False
439	-0.0050957	0.010008	0.69467	-0.50913	0.99834	-0.81042	5	0.76661	-0.72773	-0.80037	Midi_439	Midbrain-derived inhibitory	False
440	-0.0069163	0.010096	0.75335	-0.68507	0.99834	-0.92813	5	0.88286	-1.1894	-1.1161	Midi_440	Midbrain-derived inhibitory	False
441	-0.0071372	0.010056	0.76106	-0.70972	0.99834	-0.84495	5	0.86568	-1.1062	-0.94784	Midi_441	Midbrain-derived inhibitory	False
442	-0.0081629	0.00988	0.79565	-0.82618	0.99834	-0.81017	5	0.87454	-1.1481	-0.83041	Midi_442	Midbrain-derived inhibitory	False
443	-0.010715	0.0098468	0.86172	-1.0881	0.99834	-1.1729	5	0.91424	-1.3673	-1.1119	Midi_443	Midbrain-derived inhibitory	False
444	-0.0079272	0.009908	0.78816	-0.80005	0.99834	-0.94228	5	0.81248	-0.88707	-0.7691	Midi_444	Midbrain-derived inhibitory	False
445	-0.01323	0.0094709	0.91877	-1.3968	0.99834	-1.2837	5	0.87396	-1.1453	-0.87352	Thex_445	Thalamic excitatory	False
446	-0.011155	0.0093042	0.8847	-1.1988	0.99834	-0.98627	5	0.80543	-0.86118	-0.55844	Thex_446	Thalamic excitatory	False
447	-0.010854	0.0094705	0.8741	-1.146	0.99834	-1.3793	5	0.7591	-0.70341	-0.74048	Thex_447	Thalamic excitatory	False
448	0.00056111	0.0097168	0.47698	0.057735	0.95022	0.046133	5	0.47872	0.053366	0.12476	Thex_448	Thalamic excitatory	False
449	-0.004477	0.0097256	0.67736	-0.46033	0.99834	-0.70657	5	0.67208	-0.44566	-0.51708	Thex_449	Thalamic excitatory	False
450	-0.0050983	0.0096456	0.70144	-0.52855	0.99834	-1.0078	5	0.70527	-0.53962	-0.80331	Thex_450	Thalamic excitatory	False
451	-0.0038638	0.0097903	0.65345	-0.39465	0.99834	-0.8712	5	0.67088	-0.44234	-0.72639	Thex_451	Thalamic excitatory	False
452	-0.0040986	0.0094717	0.66739	-0.43272	0.99834	-0.64462	5	0.61198	-0.28448	-0.33596	Thex_452	Thalamic excitatory	False
453	-0.0051883	0.0097833	0.70205	-0.53031	0.99834	-0.39494	5	0.69834	-0.51963	-0.22097	Thex_453	Thalamic excitatory	False
454	-0.0062185	0.0096798	0.73969	-0.64239	0.99834	-0.94779	5	0.7197	-0.58195	-0.65853	Thex_454	Thalamic excitatory	False
455	0.0046545	0.0097601	0.31673	0.47686	0.81571	0.14107	5	0.28943	0.55505	0.20459	Thex_455	Thalamic excitatory	False
456	0.0033759	0.0099251	0.36688	0.34013	0.85854	0.29505	5	0.52648	-0.066424	0.016441	Thex_456	Thalamic excitatory	False
457	0.00041661	0.0098747	0.48317	0.042199	0.95022	-0.18936	5	0.55386	-0.13542	-0.23459	Thex_457	Thalamic excitatory	False
458	-0.00021357	0.0099887	0.50853	-0.021383	0.95635	-0.27032	5	0.69347	-0.50571	-0.50519	Thex_458	Thalamic excitatory	False
459	0.0039169	0.010269	0.35145	0.38141	0.853	0.28358	5	0.51983	-0.049727	0.07921	Thex_459	Thalamic excitatory	False
460	0.0015289	0.010143	0.44009	0.15074	0.93065	0.16712	5	0.56058	-0.15244	0.059503	Thex_460	Thalamic excitatory	False
